Item_Identifier,Item_Weight,Item_Fat_Content,Item_Visibility,Item_Type,Item_MRP,Outlet_Identifier,Outlet_Establishment_Year,Outlet_Size,Outlet_Location_Type,Outlet_Type,Item_Outlet_Sales
FDH17,16.2,Regular,0.016687114,Frozen Foods,96.9726,OUT045,2002,NA,Tier 2,Supermarket Type1,1076.5986
FDU28,19.2,Regular,0.09444959,Frozen Foods,187.8214,OUT017,2007,NA,Tier 2,Supermarket Type1,4710.535
FDR28,13.85,Regular,0.025896485,Frozen Foods,165.021,OUT046,1997,Small,Tier 1,Supermarket Type1,4078.025
FDC29,8.39,Regular,0.024205661,Frozen Foods,114.0176,OUT046,1997,Small,Tier 1,Supermarket Type1,2290.352
FDL04,19,Low Fat,0.112556507,Frozen Foods,104.9622,OUT017,2007,NA,Tier 2,Supermarket Type1,1587.933
FDN04,11.8,reg,0.014087057,Frozen Foods,180.3344,OUT046,1997,Small,Tier 1,Supermarket Type1,1427.4752
FDU04,NA,Low Fat,0.009714595,Frozen Foods,120.0414,OUT019,1985,Small,Tier 1,Grocery Store,487.3656
FDF41,12.15,Low Fat,0.131383762,Frozen Foods,246.046,OUT049,1999,Medium,Tier 1,Supermarket Type1,1231.73
FDT28,13.3,Low Fat,0.063695084,Frozen Foods,151.0708,OUT045,2002,NA,Tier 2,Supermarket Type1,1805.6496
FDS52,8.89,low fat,0.005505481,Frozen Foods,102.4016,OUT017,2007,NA,Tier 2,Supermarket Type1,2732.4432
FDD17,7.5,Low Fat,0.032677678,Frozen Foods,239.0906,OUT049,1999,Medium,Tier 1,Supermarket Type1,5942.265
FDL40,17.7,Low Fat,0.01161096,Frozen Foods,95.041,OUT035,2004,Small,Tier 2,Supermarket Type1,868.869
FDS52,8.89,Low Fat,0.009163216,Frozen Foods,101.7016,OUT010,1998,NA,Tier 3,Grocery Store,101.2016
FDP16,18.6,Low Fat,0.039355947,Frozen Foods,246.3802,OUT049,1999,Medium,Tier 1,Supermarket Type1,7370.406
FDR28,13.85,reg,0.026001976,Frozen Foods,161.521,OUT018,2009,Medium,Tier 3,Supermarket Type2,1794.331
FDI04,13.65,Regular,0.073209447,Frozen Foods,197.6426,OUT018,2009,Medium,Tier 3,Supermarket Type2,2768.3964
FDQ28,14,Regular,0.060376776,Frozen Foods,154.5656,OUT013,1987,High,Tier 3,Supermarket Type1,2471.4496
FDQ28,NA,Regular,0.060134441,Frozen Foods,153.0656,OUT027,1985,Medium,Tier 3,Supermarket Type3,6024.1584
FDE04,19.75,Regular,0.018059621,Frozen Foods,179.766,OUT045,2002,NA,Tier 2,Supermarket Type1,2336.958
FDB41,19,Regular,0.097313129,Frozen Foods,48.0718,OUT046,1997,Small,Tier 1,Supermarket Type1,992.7078
FDG52,13.65,Low Fat,0.065732883,Frozen Foods,45.7402,OUT049,1999,Medium,Tier 1,Supermarket Type1,780.9834
FDP28,13.65,Regular,0.134975628,Frozen Foods,260.0936,OUT010,1998,NA,Tier 3,Grocery Store,260.9936
FDH28,15.85,Regular,0.110030997,Frozen Foods,37.2506,OUT046,1997,Small,Tier 1,Supermarket Type1,265.6542
FDF05,17.5,Low Fat,0.027022883,Frozen Foods,262.491,OUT017,2007,NA,Tier 2,Supermarket Type1,5259.82
FDQ04,NA,Low Fat,0.148392623,Frozen Foods,41.5796,OUT019,1985,Small,Tier 1,Grocery Store,41.2796
FDG28,9.285,Regular,0.049559042,Frozen Foods,246.4144,OUT017,2007,NA,Tier 2,Supermarket Type1,1225.072
FDG29,17.6,Low Fat,0.056245075,Frozen Foods,43.3454,OUT013,1987,High,Tier 3,Supermarket Type1,1006.6896
FDM28,15.7,Low Fat,0.045166237,Frozen Foods,178.666,OUT013,1987,High,Tier 3,Supermarket Type1,2516.724
FDW04,8.985,Regular,0.057827101,Frozen Foods,128.831,OUT046,1997,Small,Tier 1,Supermarket Type1,1428.141
FDB29,16.7,Regular,0.052368061,Frozen Foods,112.7176,OUT013,1987,High,Tier 3,Supermarket Type1,801.6232
FDB53,13.35,Low Fat,0.139735226,Frozen Foods,147.5392,OUT045,2002,NA,Tier 2,Supermarket Type1,3877.6192
FDF28,15.7,Regular,0.038078899,Frozen Foods,122.9046,OUT017,2007,NA,Tier 2,Supermarket Type1,1992.0736
FDH40,11.6,Regular,0.078929571,Frozen Foods,79.9276,OUT046,1997,Small,Tier 1,Supermarket Type1,1137.1864
FDL52,6.635,Regular,0.046350909,Frozen Foods,37.4506,OUT017,2007,NA,Tier 2,Supermarket Type1,1176.4686
FDR04,7.075,Low Fat,0.03777249,Frozen Foods,98.0068,OUT010,1998,NA,Tier 3,Grocery Store,291.6204
FDB17,13.15,Low Fat,0.036746479,Frozen Foods,181.2976,OUT045,2002,NA,Tier 2,Supermarket Type1,3259.7568
FDB29,16.7,Regular,0.052517969,Frozen Foods,115.4176,OUT045,2002,NA,Tier 2,Supermarket Type1,687.1056
FDJ41,6.85,Low Fat,0.022976497,Frozen Foods,261.6594,OUT018,2009,Medium,Tier 3,Supermarket Type2,3401.5722
FDH53,20.5,Regular,0.019199733,Frozen Foods,84.3592,OUT046,1997,Small,Tier 1,Supermarket Type1,1816.3024
FDW28,18.25,Low Fat,0.089004389,Frozen Foods,196.7452,OUT045,2002,NA,Tier 2,Supermarket Type1,978.726
FDO28,5.765,Low Fat,0.072284689,Frozen Foods,119.9098,OUT035,2004,Small,Tier 2,Supermarket Type1,2048.6666
FDH16,10.5,Low Fat,0.052852621,Frozen Foods,88.783,OUT017,2007,NA,Tier 2,Supermarket Type1,2067.309
FDR52,12.65,Regular,0.076354362,Frozen Foods,192.1846,OUT018,2009,Medium,Tier 3,Supermarket Type2,1146.5076
FDK41,14.3,Low Fat,0.127541722,Frozen Foods,84.9224,OUT046,1997,Small,Tier 1,Supermarket Type1,1193.1136
FDW28,18.25,low fat,0.088750333,Frozen Foods,196.5452,OUT013,1987,High,Tier 3,Supermarket Type1,2348.9424
FDA40,16,Regular,0.099252438,Frozen Foods,87.4856,OUT035,2004,Small,Tier 2,Supermarket Type1,1054.6272
FDE16,8.895,Low Fat,0.026384672,Frozen Foods,208.9954,OUT049,1999,Medium,Tier 1,Supermarket Type1,4584.6988
FDE53,NA,LF,0.026749991,Frozen Foods,106.928,OUT027,1985,Medium,Tier 3,Supermarket Type3,2876.256
FDK28,5.695,Low Fat,0.065857092,Frozen Foods,258.5646,OUT018,2009,Medium,Tier 3,Supermarket Type2,4380.2982
FDU52,7.56,Low Fat,0.06390019,Frozen Foods,157.263,OUT045,2002,NA,Tier 2,Supermarket Type1,2503.408
FDN16,12.6,Regular,0.062648111,Frozen Foods,104.899,OUT013,1987,High,Tier 3,Supermarket Type1,1960.781
FDB53,13.35,Low Fat,0.140241213,Frozen Foods,150.2392,OUT017,2007,NA,Tier 2,Supermarket Type1,2684.5056
FDA16,6.695,Low Fat,0.033935576,Frozen Foods,221.9456,OUT035,2004,Small,Tier 2,Supermarket Type1,2210.456
FDO04,16.6,Low Fat,0.026537206,Frozen Foods,57.2614,OUT046,1997,Small,Tier 1,Supermarket Type1,1049.9666
FDG53,10,Low Fat,0.045818773,Frozen Foods,138.718,OUT013,1987,High,Tier 3,Supermarket Type1,1398.18
FDD29,12.15,Low Fat,0.030815427,Frozen Foods,252.0698,OUT010,1998,NA,Tier 3,Grocery Store,1014.6792
FDC53,8.68,Low Fat,0.008871687,Frozen Foods,99.7384,OUT018,2009,Medium,Tier 3,Supermarket Type2,295.6152
FDC17,12.15,Low Fat,0.015523707,Frozen Foods,212.0928,OUT018,2009,Medium,Tier 3,Supermarket Type2,2735.1064
FDZ52,19.2,Low Fat,0.100230114,Frozen Foods,112.9886,OUT049,1999,Medium,Tier 1,Supermarket Type1,1667.829
FDF53,20.75,Regular,0.083590755,Frozen Foods,182.2318,OUT035,2004,Small,Tier 2,Supermarket Type1,3067.3406
FDD29,12.15,Low Fat,0.018485511,Frozen Foods,253.1698,OUT018,2009,Medium,Tier 3,Supermarket Type2,1522.0188
FDR16,5.845,Regular,0.105445801,Frozen Foods,214.4218,OUT018,2009,Medium,Tier 3,Supermarket Type2,1496.0526
FDI28,14.3,Low Fat,0.026428924,Frozen Foods,78.2302,OUT018,2009,Medium,Tier 3,Supermarket Type2,554.6114
FDO52,NA,Regular,0.076790922,Frozen Foods,172.1106,OUT027,1985,Medium,Tier 3,Supermarket Type3,2566.659
FDS28,8.18,reg,0.082529704,Frozen Foods,56.9588,OUT049,1999,Medium,Tier 1,Supermarket Type1,744.3644
FDL40,17.7,Low Fat,0.011636708,Frozen Foods,94.541,OUT045,2002,NA,Tier 2,Supermarket Type1,1061.951
FDZ04,9.31,low fat,0.037923509,Frozen Foods,61.651,OUT013,1987,High,Tier 3,Supermarket Type1,379.506
FDU16,19.25,Regular,0.058365706,Frozen Foods,82.1908,OUT049,1999,Medium,Tier 1,Supermarket Type1,2432.8332
FDO04,NA,Low Fat,0.026408698,Frozen Foods,53.2614,OUT027,1985,Medium,Tier 3,Supermarket Type3,607.8754
FDM52,15.1,Low Fat,0.026046138,Frozen Foods,147.2076,OUT045,2002,NA,Tier 2,Supermarket Type1,1773.6912
FDH40,NA,Regular,0.078547351,Frozen Foods,79.3276,OUT027,1985,Medium,Tier 3,Supermarket Type3,1380.8692
FDI41,NA,Regular,0.109003832,Frozen Foods,145.2418,OUT019,1985,Small,Tier 1,Grocery Store,147.1418
FDJ40,NA,Regular,0.049349121,Frozen Foods,108.6912,OUT027,1985,Medium,Tier 3,Supermarket Type3,3057.3536
FDM52,15.1,Low Fat,0.025993423,Frozen Foods,147.4076,OUT046,1997,Small,Tier 1,Supermarket Type1,2808.3444
FDU40,20.85,Low Fat,0.062606583,Frozen Foods,192.2478,OUT010,1998,NA,Tier 3,Grocery Store,387.4956
FDA52,16.2,Regular,0.128682722,Frozen Foods,178.437,OUT045,2002,NA,Tier 2,Supermarket Type1,1058.622
FDX16,17.85,LF,0.065810045,Frozen Foods,149.105,OUT046,1997,Small,Tier 1,Supermarket Type1,2247.075
FDN52,NA,Regular,0.13093275,Frozen Foods,86.9198,OUT027,1985,Medium,Tier 3,Supermarket Type3,1569.9564
FDU40,20.85,Low Fat,0.037372847,Frozen Foods,192.7478,OUT013,1987,High,Tier 3,Supermarket Type1,3099.9648
FDG52,13.65,Low Fat,0.065576228,Frozen Foods,47.7402,OUT013,1987,High,Tier 3,Supermarket Type1,643.1628
FDI41,NA,Regular,0.061955439,Frozen Foods,145.1418,OUT027,1985,Medium,Tier 3,Supermarket Type3,4561.3958
FDD05,19.35,Low Fat,0.016597651,Frozen Foods,121.5098,OUT013,1987,High,Tier 3,Supermarket Type1,2892.2352
FDF52,9.3,Low Fat,0.067055339,Frozen Foods,184.2292,OUT018,2009,Medium,Tier 3,Supermarket Type2,1277.0044
FDK28,5.695,Low Fat,0.065960909,Frozen Foods,259.2646,OUT017,2007,NA,Tier 2,Supermarket Type1,9275.9256
FDC29,8.39,Regular,0.024304264,Frozen Foods,114.0176,OUT018,2009,Medium,Tier 3,Supermarket Type2,1488.7288
FDP28,13.65,Regular,0.081096613,Frozen Foods,261.2936,OUT017,2007,NA,Tier 2,Supermarket Type1,3131.9232
FDE17,20.1,Regular,0.054565932,Frozen Foods,152.2366,OUT045,2002,NA,Tier 2,Supermarket Type1,2418.1856
FDN16,12.6,Regular,0.062700289,Frozen Foods,102.199,OUT046,1997,Small,Tier 1,Supermarket Type1,1960.781
FDL52,6.635,reg,0.077145553,Frozen Foods,39.8506,OUT010,1998,NA,Tier 3,Grocery Store,75.9012
FDS16,15.15,Regular,0.066121873,Frozen Foods,145.676,OUT013,1987,High,Tier 3,Supermarket Type1,3661.9
FDS52,NA,Low Fat,0.005448005,Frozen Foods,102.1016,OUT027,1985,Medium,Tier 3,Supermarket Type3,3542.056
FDF04,17.5,Low Fat,0.013634468,Frozen Foods,256.4304,OUT035,2004,Small,Tier 2,Supermarket Type1,1808.3128
FDE41,9.195,Regular,0.064376263,Frozen Foods,83.1566,OUT017,2007,NA,Tier 2,Supermarket Type1,1099.2358
FDT28,13.3,Low Fat,0.063664998,Frozen Foods,151.6708,OUT049,1999,Medium,Tier 1,Supermarket Type1,3912.2408
FDM28,15.7,Low Fat,0.075661985,Frozen Foods,181.366,OUT010,1998,NA,Tier 3,Grocery Store,179.766
FDP16,18.6,Low Fat,0.039294854,Frozen Foods,246.6802,OUT046,1997,Small,Tier 1,Supermarket Type1,2702.4822
FDI41,18.5,reg,0.062609071,Frozen Foods,148.6418,OUT017,2007,NA,Tier 2,Supermarket Type1,1765.7016
FDF05,17.5,Low Fat,0.026925385,Frozen Foods,264.391,OUT045,2002,NA,Tier 2,Supermarket Type1,5259.82
FDO40,17.1,Low Fat,0.032812669,Frozen Foods,147.1392,OUT017,2007,NA,Tier 2,Supermarket Type1,2237.088
FDG16,15.25,Low Fat,0.089742065,Frozen Foods,213.7192,OUT013,1987,High,Tier 3,Supermarket Type1,1078.596
FDF53,20.75,Regular,0.083736551,Frozen Foods,178.7318,OUT049,1999,Medium,Tier 1,Supermarket Type1,3428.2042
FDY52,NA,Low Fat,0.012865901,Frozen Foods,59.3536,OUT019,1985,Small,Tier 1,Grocery Store,122.5072
FDW40,14,Regular,0.105573769,Frozen Foods,143.9812,OUT018,2009,Medium,Tier 3,Supermarket Type2,1139.8496
FDN04,NA,Regular,0.01401884,Frozen Foods,178.1344,OUT027,1985,Medium,Tier 3,Supermarket Type3,3747.1224
FDA28,16.1,Regular,0.047801883,Frozen Foods,127.4362,OUT046,1997,Small,Tier 1,Supermarket Type1,2265.0516
FDB05,5.155,Low Fat,0.083198341,Frozen Foods,246.0776,OUT046,1997,Small,Tier 1,Supermarket Type1,990.7104
FDY52,6.365,Low Fat,0.007348286,Frozen Foods,62.8536,OUT046,1997,Small,Tier 1,Supermarket Type1,796.2968
FDU52,7.56,Low Fat,0.064030636,Frozen Foods,154.463,OUT018,2009,Medium,Tier 3,Supermarket Type2,2503.408
FDE05,10.895,Regular,0.032427039,Frozen Foods,147.7102,OUT013,1987,High,Tier 3,Supermarket Type1,1166.4816
FDI04,NA,Regular,0.127660257,Frozen Foods,198.5426,OUT019,1985,Small,Tier 1,Grocery Store,790.9704
FDZ04,9.31,Low Fat,0.038169783,Frozen Foods,64.551,OUT017,2007,NA,Tier 2,Supermarket Type1,1581.275
FDT52,9.695,Regular,0.047697859,Frozen Foods,244.6144,OUT017,2007,NA,Tier 2,Supermarket Type1,2695.1584
FDT04,17.25,Low Fat,0.10764721,Frozen Foods,39.3822,OUT017,2007,NA,Tier 2,Supermarket Type1,314.2576
FDE29,8.905,LF,0.143129124,Frozen Foods,58.8878,OUT046,1997,Small,Tier 1,Supermarket Type1,1151.1682
FDX16,17.85,Low Fat,0.06575528,Frozen Foods,151.505,OUT013,1987,High,Tier 3,Supermarket Type1,2546.685
FDV40,17.35,Low Fat,0.014689006,Frozen Foods,74.5038,OUT035,2004,Small,Tier 2,Supermarket Type1,739.038
FDG17,6.865,Regular,0.035895934,Frozen Foods,244.4486,OUT049,1999,Medium,Tier 1,Supermarket Type1,6353.0636
FDF16,7.3,Low Fat,0.086266286,Frozen Foods,147.2076,OUT049,1999,Medium,Tier 1,Supermarket Type1,1921.4988
FDH05,14.35,Regular,0.091098018,Frozen Foods,233.5984,OUT045,2002,NA,Tier 2,Supermarket Type1,1853.5872
FDP04,15.35,Low Fat,0.013840784,Frozen Foods,65.2168,OUT045,2002,NA,Tier 2,Supermarket Type1,958.752
FDI16,14,Regular,0.135775701,Frozen Foods,54.564,OUT046,1997,Small,Tier 1,Supermarket Type1,1597.92
FDA04,NA,Regular,0.066406853,Frozen Foods,259.7962,OUT027,1985,Medium,Tier 3,Supermarket Type3,5697.9164
FDJ41,6.85,Low Fat,0.022864238,Frozen Foods,260.0594,OUT013,1987,High,Tier 3,Supermarket Type1,6018.1662
FDE16,NA,Low Fat,0.046124444,Frozen Foods,206.7954,OUT019,1985,Small,Tier 1,Grocery Store,833.5816
FDD16,20.5,Low Fat,0.060847634,Frozen Foods,75.0696,OUT010,1998,NA,Tier 3,Grocery Store,149.1392
FDP52,18.7,Regular,0.071091591,Frozen Foods,228.601,OUT017,2007,NA,Tier 2,Supermarket Type1,4823.721
FDC05,13.1,Regular,0.098938169,Frozen Foods,195.7768,OUT049,1999,Medium,Tier 1,Supermarket Type1,4138.6128
FDB17,13.15,Low Fat,0.036879539,Frozen Foods,181.3976,OUT017,2007,NA,Tier 2,Supermarket Type1,3078.6592
FDI53,8.895,Regular,0.137858955,Frozen Foods,162.1236,OUT049,1999,Medium,Tier 1,Supermarket Type1,2577.9776
FDV52,20.7,Regular,0.122208091,Frozen Foods,119.7466,OUT017,2007,NA,Tier 2,Supermarket Type1,4006.7844
FDL40,17.7,Low Fat,0.011660463,Frozen Foods,96.541,OUT018,2009,Medium,Tier 3,Supermarket Type2,2220.443
FDF52,9.3,Low Fat,0.066918731,Frozen Foods,184.2292,OUT045,2002,NA,Tier 2,Supermarket Type1,1641.8628
FDK52,18.25,Low Fat,0.132596101,Frozen Foods,226.2062,OUT010,1998,NA,Tier 3,Grocery Store,677.1186
FDG17,6.865,Regular,0.036042939,Frozen Foods,244.4486,OUT017,2007,NA,Tier 2,Supermarket Type1,4153.9262
FDE16,NA,Low Fat,0.026216144,Frozen Foods,207.5954,OUT027,1985,Medium,Tier 3,Supermarket Type3,6668.6528
FDF16,NA,Low Fat,0.085715273,Frozen Foods,146.6076,OUT027,1985,Medium,Tier 3,Supermarket Type3,1773.6912
FDI16,14,Regular,0.136328794,Frozen Foods,54.864,OUT018,2009,Medium,Tier 3,Supermarket Type2,319.584
FDD16,NA,Low Fat,0.063649582,Frozen Foods,74.7696,OUT019,1985,Small,Tier 1,Grocery Store,74.5696
FDK52,18.25,Low Fat,0.079152918,Frozen Foods,223.8062,OUT013,1987,High,Tier 3,Supermarket Type1,4288.4178
FDG29,NA,Low Fat,0.056019324,Frozen Foods,40.0454,OUT027,1985,Medium,Tier 3,Supermarket Type3,419.454
FDA16,NA,Low Fat,0.033777629000000003,Frozen Foods,222.8456,OUT027,1985,Medium,Tier 3,Supermarket Type3,7073.4592
FDA40,16,Regular,0.099832728,Frozen Foods,87.4856,OUT017,2007,NA,Tier 2,Supermarket Type1,263.6568
FDO40,17.1,Low Fat,0.032678839,Frozen Foods,150.7392,OUT049,1999,Medium,Tier 1,Supermarket Type1,3131.9232
FDL52,6.635,Regular,0.046277956,Frozen Foods,36.7506,OUT018,2009,Medium,Tier 3,Supermarket Type2,75.9012
FDK52,18.25,Low Fat,0.0793795,Frozen Foods,226.1062,OUT045,2002,NA,Tier 2,Supermarket Type1,6771.186
FDT40,5.985,Low Fat,0.095715608,Frozen Foods,125.8678,OUT013,1987,High,Tier 3,Supermarket Type1,3560.6984
FDM04,9.195,Regular,0.04731256,Frozen Foods,50.7666,OUT018,2009,Medium,Tier 3,Supermarket Type2,512.666
FDZ40,NA,Low Fat,0.039988162,Frozen Foods,55.7298,OUT027,1985,Medium,Tier 3,Supermarket Type3,1024.6662
FDH40,11.6,Regular,0.079251097,Frozen Foods,79.2276,OUT018,2009,Medium,Tier 3,Supermarket Type2,649.8208
FDF16,7.3,Low Fat,0.144167934,Frozen Foods,146.3076,OUT010,1998,NA,Tier 3,Grocery Store,886.8456
FDI40,11.5,reg,0.125857678,Frozen Foods,100.5358,OUT045,2002,NA,Tier 2,Supermarket Type1,2111.2518
FDQ52,17,Low Fat,0.119285634,Frozen Foods,247.4434,OUT013,1987,High,Tier 3,Supermarket Type1,2980.1208
FDF41,12.15,Low Fat,0.131445848,Frozen Foods,246.846,OUT045,2002,NA,Tier 2,Supermarket Type1,6404.996
FDO40,17.1,Low Fat,0.032761024,Frozen Foods,148.8392,OUT018,2009,Medium,Tier 3,Supermarket Type2,2087.9488
FDM52,15.1,Low Fat,0.025988508,Frozen Foods,146.6076,OUT035,2004,Small,Tier 2,Supermarket Type1,2364.9216
FDM52,15.1,Low Fat,0.026140452,Frozen Foods,149.0076,OUT017,2007,NA,Tier 2,Supermarket Type1,4138.6128
FDF16,7.3,Low Fat,0.086060695,Frozen Foods,149.8076,OUT013,1987,High,Tier 3,Supermarket Type1,2808.3444
FDE04,19.75,Regular,0.030166924,Frozen Foods,179.766,OUT010,1998,NA,Tier 3,Grocery Store,719.064
FDC17,12.15,LF,0.01544786,Frozen Foods,211.2928,OUT013,1987,High,Tier 3,Supermarket Type1,2735.1064
FDF05,17.5,Low Fat,0.02687089,Frozen Foods,264.491,OUT046,1997,Small,Tier 1,Supermarket Type1,3681.874
FDI04,13.65,Regular,0.072898645,Frozen Foods,198.1426,OUT035,2004,Small,Tier 2,Supermarket Type1,1977.426
FDC29,8.39,Regular,0.024342578,Frozen Foods,113.6176,OUT017,2007,NA,Tier 2,Supermarket Type1,2862.94
FDC41,15.6,Low Fat,0.117095014,Frozen Foods,78.067,OUT049,1999,Medium,Tier 1,Supermarket Type1,1148.505
FDK40,7.035,Low Fat,0.021938404,Frozen Foods,264.691,OUT018,2009,Medium,Tier 3,Supermarket Type2,5785.802
FDP28,13.65,Regular,0.080640478,Frozen Foods,262.6936,OUT046,1997,Small,Tier 1,Supermarket Type1,4175.8976
FDF52,9.3,Low Fat,0.066887123,Frozen Foods,183.9292,OUT049,1999,Medium,Tier 1,Supermarket Type1,3283.7256
FDY04,17.7,Regular,0.042468413000000003,Frozen Foods,162.421,OUT035,2004,Small,Tier 2,Supermarket Type1,1468.089
FDD53,16.2,Low Fat,0.044291251,Frozen Foods,43.3454,OUT049,1999,Medium,Tier 1,Supermarket Type1,503.3448
FDJ28,12.3,Low Fat,0.021860985,Frozen Foods,193.3162,OUT046,1997,Small,Tier 1,Supermarket Type1,3078.6592
FDZ28,20,Regular,0.051596927,Frozen Foods,128.0678,OUT045,2002,NA,Tier 2,Supermarket Type1,1780.3492
FDP04,15.35,Low Fat,0.013834247,Frozen Foods,62.7168,OUT049,1999,Medium,Tier 1,Supermarket Type1,958.752
FDA04,11.3,Regular,0.067107448,Frozen Foods,258.1962,OUT017,2007,NA,Tier 2,Supermarket Type1,4402.9354
FDD29,NA,Low Fat,0.018321361,Frozen Foods,255.3698,OUT027,1985,Medium,Tier 3,Supermarket Type3,4819.7262
FDH17,16.2,Regular,0.016747538,Frozen Foods,98.6726,OUT017,2007,NA,Tier 2,Supermarket Type1,1272.3438
FDC05,13.1,Regular,0.098765906,Frozen Foods,196.3768,OUT035,2004,Small,Tier 2,Supermarket Type1,2167.8448
FDH52,NA,Regular,0.076868664,Frozen Foods,62.1194,OUT019,1985,Small,Tier 1,Grocery Store,123.8388
FDJ53,10.5,Low Fat,0.071368699,Frozen Foods,121.3098,OUT049,1999,Medium,Tier 1,Supermarket Type1,1446.1176
FDI16,14,Regular,0.135662712,Frozen Foods,52.064,OUT013,1987,High,Tier 3,Supermarket Type1,852.224
FDC29,8.39,Regular,0.024243294,Frozen Foods,116.0176,OUT049,1999,Medium,Tier 1,Supermarket Type1,1603.2464
FDE53,10.895,Low Fat,0.044991876,Frozen Foods,107.228,OUT010,1998,NA,Tier 3,Grocery Store,426.112
FDM28,NA,Low Fat,0.079146113,Frozen Foods,181.466,OUT019,1985,Small,Tier 1,Grocery Store,179.766
FDT40,5.985,Low Fat,0.096337184,Frozen Foods,125.2678,OUT017,2007,NA,Tier 2,Supermarket Type1,763.0068
FDB17,13.15,Low Fat,0.036729122,Frozen Foods,179.7976,OUT049,1999,Medium,Tier 1,Supermarket Type1,2535.3664
FDG41,8.84,Regular,0.076681143,Frozen Foods,110.7228,OUT049,1999,Medium,Tier 1,Supermarket Type1,1657.842
FDN16,12.6,Regular,0.063054947,Frozen Foods,102.399,OUT017,2007,NA,Tier 2,Supermarket Type1,2270.378
FDQ16,19.7,LF,0.041703666,Frozen Foods,109.1912,OUT013,1987,High,Tier 3,Supermarket Type1,1637.868
FDS40,15.35,Low Fat,0.014098693,Frozen Foods,37.219,OUT017,2007,NA,Tier 2,Supermarket Type1,805.618
FDI28,14.3,Low Fat,0.026375082,Frozen Foods,79.6302,OUT045,2002,NA,Tier 2,Supermarket Type1,792.302
FDE41,9.195,Regular,0.064002068,Frozen Foods,85.5566,OUT035,2004,Small,Tier 2,Supermarket Type1,930.1226
FDZ52,19.2,Low Fat,0.099991245,Frozen Foods,112.7886,OUT013,1987,High,Tier 3,Supermarket Type1,1779.0176
FDR40,9.1,Regular,0.008046878,Frozen Foods,78.7618,OUT049,1999,Medium,Tier 1,Supermarket Type1,402.809
FDV16,7.75,Regular,0.082930699,Frozen Foods,35.2558,OUT046,1997,Small,Tier 1,Supermarket Type1,780.9834
FDN16,12.6,Regular,0.062797771,Frozen Foods,103.999,OUT049,1999,Medium,Tier 1,Supermarket Type1,825.592
FDE04,19.75,Regular,0.018096488,Frozen Foods,179.566,OUT018,2009,Medium,Tier 3,Supermarket Type2,2696.49
FDO04,16.6,Low Fat,0.026645307,Frozen Foods,53.5614,OUT018,2009,Medium,Tier 3,Supermarket Type2,939.4438
FDD41,6.765,Regular,0.087753682,Frozen Foods,105.3306,OUT017,2007,NA,Tier 2,Supermarket Type1,2090.612
FDN04,11.8,Regular,0.014075334,Frozen Foods,176.8344,OUT013,1987,High,Tier 3,Supermarket Type1,3568.688
FDB17,13.15,Low Fat,0.036641589,Frozen Foods,180.7976,OUT013,1987,High,Tier 3,Supermarket Type1,6157.3184
FDH40,11.6,Regular,0.079376029,Frozen Foods,81.7276,OUT017,2007,NA,Tier 2,Supermarket Type1,1949.4624
FDH05,14.35,reg,0.091054989,Frozen Foods,231.8984,OUT049,1999,Medium,Tier 1,Supermarket Type1,4633.968
FDS04,10.195,Regular,0.146662938,Frozen Foods,138.6838,OUT046,1997,Small,Tier 1,Supermarket Type1,2388.2246
FDK16,9.065,Low Fat,0.115799592,Frozen Foods,95.3094,OUT018,2009,Medium,Tier 3,Supermarket Type2,1713.7692
FDI52,18.7,Low Fat,0.104840884,Frozen Foods,122.1072,OUT049,1999,Medium,Tier 1,Supermarket Type1,490.0288
FDG40,13.65,Low Fat,0.040049609,Frozen Foods,34.4558,OUT017,2007,NA,Tier 2,Supermarket Type1,611.2044
FDD05,19.35,Low Fat,0.016637301,Frozen Foods,120.9098,OUT049,1999,Medium,Tier 1,Supermarket Type1,1687.1372
FDE16,8.895,Low Fat,0.026397141,Frozen Foods,207.8954,OUT045,2002,NA,Tier 2,Supermarket Type1,3542.7218
FDL52,NA,Regular,0.04586701,Frozen Foods,37.9506,OUT027,1985,Medium,Tier 3,Supermarket Type3,910.8144
FDP28,13.65,Regular,0.080765853,Frozen Foods,262.8936,OUT049,1999,Medium,Tier 1,Supermarket Type1,4958.8784
FDS52,8.89,low fat,0.005474515,Frozen Foods,99.7016,OUT046,1997,Small,Tier 1,Supermarket Type1,1922.8304
FDH53,20.5,Regular,0.032136417,Frozen Foods,83.9592,OUT010,1998,NA,Tier 3,Grocery Store,165.1184
FDG52,13.65,Low Fat,0.065898197,Frozen Foods,46.1402,OUT018,2009,Medium,Tier 3,Supermarket Type2,459.402
FDZ52,19.2,Low Fat,0.100055601,Frozen Foods,112.4886,OUT035,2004,Small,Tier 2,Supermarket Type1,1223.0746
FDE17,20.1,Regular,0.054540159,Frozen Foods,152.1366,OUT049,1999,Medium,Tier 1,Supermarket Type1,755.683
FDR52,12.65,Regular,0.076198809,Frozen Foods,191.3846,OUT045,2002,NA,Tier 2,Supermarket Type1,2675.1844
FDT16,9.895,Regular,0.048761046,Frozen Foods,260.5278,OUT045,2002,NA,Tier 2,Supermarket Type1,8851.1452
FDE17,20.1,Regular,0.054410179,Frozen Foods,151.3366,OUT013,1987,High,Tier 3,Supermarket Type1,2720.4588
FDG40,NA,Low Fat,0.039631495,Frozen Foods,31.9558,OUT027,1985,Medium,Tier 3,Supermarket Type3,984.7182
FDG29,17.6,Low Fat,0.056379439,Frozen Foods,42.7454,OUT049,1999,Medium,Tier 1,Supermarket Type1,293.6178
FDH41,9,Low Fat,0.082011521,Frozen Foods,213.3534,OUT046,1997,Small,Tier 1,Supermarket Type1,1935.4806
FDE05,10.895,Regular,0.05432142,Frozen Foods,146.2102,OUT010,1998,NA,Tier 3,Grocery Store,437.4306
FDW28,18.25,Low Fat,0.088807455,Frozen Foods,197.3452,OUT035,2004,Small,Tier 2,Supermarket Type1,2740.4328
FDE04,19.75,Regular,0.018051091,Frozen Foods,179.866,OUT049,1999,Medium,Tier 1,Supermarket Type1,2696.49
FDI41,18.5,Regular,0.062256921,Frozen Foods,148.0418,OUT046,1997,Small,Tier 1,Supermarket Type1,2059.9852
FDQ28,14,Regular,0.060427062,Frozen Foods,153.5656,OUT046,1997,Small,Tier 1,Supermarket Type1,3089.312
FDL28,10,Regular,0.063162608,Frozen Foods,228.6668,OUT035,2004,Small,Tier 2,Supermarket Type1,3455.502
FDA28,16.1,Regular,0.04807227,Frozen Foods,126.5362,OUT017,2007,NA,Tier 2,Supermarket Type1,1761.7068
FDL04,19,Low Fat,0.112097433,Frozen Foods,105.5622,OUT049,1999,Medium,Tier 1,Supermarket Type1,1905.5196
FDQ40,11.1,Regular,0.03623131,Frozen Foods,175.0712,OUT017,2007,NA,Tier 2,Supermarket Type1,3339.6528
FDE04,19.75,Regular,0.018008071,Frozen Foods,180.466,OUT013,1987,High,Tier 3,Supermarket Type1,3415.554
FDH41,9,Low Fat,0.082177842,Frozen Foods,214.1534,OUT045,2002,NA,Tier 2,Supermarket Type1,1720.4272
FDG29,17.6,Low Fat,0.05629192,Frozen Foods,42.5454,OUT046,1997,Small,Tier 1,Supermarket Type1,419.454
FDS28,8.18,Regular,0.082867689,Frozen Foods,58.5588,OUT017,2007,NA,Tier 2,Supermarket Type1,171.7764
FDF17,5.19,Low Fat,0.042861968,Frozen Foods,196.811,OUT017,2007,NA,Tier 2,Supermarket Type1,3731.809
FDY52,6.365,Low Fat,0.007363189,Frozen Foods,63.2536,OUT045,2002,NA,Tier 2,Supermarket Type1,1225.072
FDC17,12.15,Low Fat,0.015484763,Frozen Foods,211.9928,OUT049,1999,Medium,Tier 1,Supermarket Type1,631.1784
FDS28,NA,Regular,0.082002559,Frozen Foods,59.2588,OUT027,1985,Medium,Tier 3,Supermarket Type3,1374.2112
FDF29,15.1,Regular,0.019965179,Frozen Foods,130.531,OUT049,1999,Medium,Tier 1,Supermarket Type1,908.817
FDE53,10.895,Low Fat,0.026880159,Frozen Foods,106.428,OUT046,1997,Small,Tier 1,Supermarket Type1,1491.392
FDJ53,10.5,Low Fat,0.071244438,Frozen Foods,119.2098,OUT035,2004,Small,Tier 2,Supermarket Type1,1325.6078
FDT40,5.985,LF,0.096185556,Frozen Foods,127.1678,OUT018,2009,Medium,Tier 3,Supermarket Type2,3560.6984
FDD05,NA,Low Fat,0.029084548000000002,Frozen Foods,122.0098,OUT019,1985,Small,Tier 1,Grocery Store,361.5294
FDC05,13.1,Regular,0.099186992,Frozen Foods,198.7768,OUT018,2009,Medium,Tier 3,Supermarket Type2,3153.2288
FDL04,NA,Low Fat,0.111381428,Frozen Foods,106.76220000000001,OUT027,1985,Medium,Tier 3,Supermarket Type3,2964.1416
FDT28,13.3,Low Fat,0.06356617,Frozen Foods,151.3708,OUT046,1997,Small,Tier 1,Supermarket Type1,3611.2992
FDJ04,18,Low Fat,0.124452048,Frozen Foods,118.5124,OUT046,1997,Small,Tier 1,Supermarket Type1,1303.6364
FDS16,15.15,Regular,0.066551268,Frozen Foods,144.676,OUT017,2007,NA,Tier 2,Supermarket Type1,3954.852
FDC17,12.15,Low Fat,0.015457803,Frozen Foods,209.9928,OUT035,2004,Small,Tier 2,Supermarket Type1,5259.82
FDD41,6.765,Regular,0.087260103,Frozen Foods,105.0306,OUT046,1997,Small,Tier 1,Supermarket Type1,2090.612
FDG41,8.84,Regular,0.076547632,Frozen Foods,109.5228,OUT035,2004,Small,Tier 2,Supermarket Type1,1657.842
FDH41,9,Low Fat,0.081996013,Frozen Foods,216.2534,OUT035,2004,Small,Tier 2,Supermarket Type1,4301.068
FDS28,8.18,Regular,0.082737261,Frozen Foods,57.3588,OUT018,2009,Medium,Tier 3,Supermarket Type2,343.5528
FDS40,15.35,Low Fat,0.014047825,Frozen Foods,36.719,OUT045,2002,NA,Tier 2,Supermarket Type1,585.904
FDQ16,19.7,Low Fat,0.041730507,Frozen Foods,109.2912,OUT035,2004,Small,Tier 2,Supermarket Type1,2402.2064
FDZ52,NA,Low Fat,0.099589909,Frozen Foods,109.1886,OUT027,1985,Medium,Tier 3,Supermarket Type3,4225.1668
FDP04,15.35,Low Fat,0.013869039,Frozen Foods,62.5168,OUT018,2009,Medium,Tier 3,Supermarket Type2,447.4176
FDS04,10.195,Regular,0.146960375,Frozen Foods,142.2838,OUT045,2002,NA,Tier 2,Supermarket Type1,1685.8056
FDJ16,9.195,LF,0.114863923,Frozen Foods,59.0246,OUT035,2004,Small,Tier 2,Supermarket Type1,1853.5872
FDM16,8.155,Regular,0.033692089,Frozen Foods,76.2354,OUT018,2009,Medium,Tier 3,Supermarket Type2,1279.0018
FDA04,11.3,Regular,0.066717378,Frozen Foods,260.8962,OUT035,2004,Small,Tier 2,Supermarket Type1,4920.9278
FDF17,5.19,Low Fat,0.042687151,Frozen Foods,195.911,OUT049,1999,Medium,Tier 1,Supermarket Type1,2946.165
FDQ40,11.1,Regular,0.036027524,Frozen Foods,177.2712,OUT046,1997,Small,Tier 1,Supermarket Type1,3339.6528
FDR04,7.075,Low Fat,0.022566975,Frozen Foods,97.3068,OUT046,1997,Small,Tier 1,Supermarket Type1,1263.6884
FDI16,NA,reg,0.135118202,Frozen Foods,52.564,OUT027,1985,Medium,Tier 3,Supermarket Type3,2290.352
FDV16,7.75,Regular,0.082915017,Frozen Foods,34.9558,OUT035,2004,Small,Tier 2,Supermarket Type1,645.1602
FDY04,17.7,Regular,0.042562588,Frozen Foods,165.021,OUT045,2002,NA,Tier 2,Supermarket Type1,3425.541
FDZ40,8.935,Low Fat,0.040410039,Frozen Foods,52.9298,OUT017,2007,NA,Tier 2,Supermarket Type1,539.298
FDH17,NA,Regular,0.029157849,Frozen Foods,97.0726,OUT019,1985,Small,Tier 1,Grocery Store,293.6178
FDY16,18.35,Regular,0.092226754,Frozen Foods,184.4266,OUT046,1997,Small,Tier 1,Supermarket Type1,3504.1054
FDN04,11.8,Regular,0.014144442,Frozen Foods,180.4344,OUT018,2009,Medium,Tier 3,Supermarket Type2,535.3032
FDQ16,19.7,LF,0.041803291,Frozen Foods,110.3912,OUT049,1999,Medium,Tier 1,Supermarket Type1,3275.736
FDV16,7.75,Regular,0.082861686,Frozen Foods,32.6558,OUT013,1987,High,Tier 3,Supermarket Type1,679.116
FDQ40,11.1,Regular,0.060302689,Frozen Foods,175.8712,OUT010,1998,NA,Tier 3,Grocery Store,175.7712
FDL04,19,Low Fat,0.111923422,Frozen Foods,106.5622,OUT046,1997,Small,Tier 1,Supermarket Type1,2117.244
FDC41,15.6,Low Fat,0.116913245,Frozen Foods,78.167,OUT046,1997,Small,Tier 1,Supermarket Type1,1837.608
FDD17,7.5,Low Fat,0.054610829,Frozen Foods,237.1906,OUT010,1998,NA,Tier 3,Grocery Store,237.6906
FDK41,14.3,Low Fat,0.127517605,Frozen Foods,86.0224,OUT035,2004,Small,Tier 2,Supermarket Type1,1022.6688
FDJ04,18,Low Fat,0.124645538,Frozen Foods,117.2124,OUT049,1999,Medium,Tier 1,Supermarket Type1,2133.2232
FDH05,NA,Regular,0.090473389,Frozen Foods,229.7984,OUT027,1985,Medium,Tier 3,Supermarket Type3,6024.1584
FDV16,7.75,Regular,0.083059634,Frozen Foods,35.7558,OUT049,1999,Medium,Tier 1,Supermarket Type1,611.2044
FDN04,11.8,Regular,0.014115626,Frozen Foods,178.5344,OUT045,2002,NA,Tier 2,Supermarket Type1,3390.2536
FDA40,16,Regular,0.099188598,Frozen Foods,88.9856,OUT013,1987,High,Tier 3,Supermarket Type1,1669.8264
FDK04,7.36,Low Fat,0.052607932,Frozen Foods,56.3588,OUT017,2007,NA,Tier 2,Supermarket Type1,744.3644
FDW52,14,Regular,0.037491314,Frozen Foods,164.2526,OUT013,1987,High,Tier 3,Supermarket Type1,1808.9786
FDA28,NA,Regular,0.047570401,Frozen Foods,125.7362,OUT027,1985,Medium,Tier 3,Supermarket Type3,3020.0688
FDZ52,19.2,Low Fat,0.100640587,Frozen Foods,112.6886,OUT017,2007,NA,Tier 2,Supermarket Type1,1779.0176
FDD16,20.5,Low Fat,0.036346224,Frozen Foods,72.9696,OUT035,2004,Small,Tier 2,Supermarket Type1,596.5568
FDV40,17.35,Low Fat,0.014679558,Frozen Foods,73.6038,OUT013,1987,High,Tier 3,Supermarket Type1,739.038
FDN28,5.88,Regular,0.030247903,Frozen Foods,101.399,OUT046,1997,Small,Tier 1,Supermarket Type1,2063.98
FDE16,8.895,Low Fat,0.026451028,Frozen Foods,210.3954,OUT018,2009,Medium,Tier 3,Supermarket Type2,5001.4896
FDJ53,10.5,Low Fat,0.071257912,Frozen Foods,121.3098,OUT046,1997,Small,Tier 1,Supermarket Type1,843.5686
FDO52,11.6,Regular,0.07760107,Frozen Foods,171.0106,OUT017,2007,NA,Tier 2,Supermarket Type1,3079.9908
FDT16,NA,Regular,0.048426708,Frozen Foods,258.7278,OUT027,1985,Medium,Tier 3,Supermarket Type3,5466.8838
FDE29,8.905,Low Fat,0.143419394,Frozen Foods,61.4878,OUT045,2002,NA,Tier 2,Supermarket Type1,1151.1682
FDA04,11.3,Regular,0.066729996,Frozen Foods,257.2962,OUT046,1997,Small,Tier 1,Supermarket Type1,4920.9278
FDM16,8.155,Regular,0.033555399,Frozen Foods,74.7354,OUT046,1997,Small,Tier 1,Supermarket Type1,1655.1788
FDO52,11.6,Regular,0.077321087,Frozen Foods,169.3106,OUT045,2002,NA,Tier 2,Supermarket Type1,2224.4378
FDR52,12.65,Regular,0.127283051,Frozen Foods,191.7846,OUT010,1998,NA,Tier 3,Grocery Store,382.1692
FDQ40,11.1,Regular,0.035997543,Frozen Foods,176.9712,OUT013,1987,High,Tier 3,Supermarket Type1,3691.1952
FDD17,7.5,LF,0.032626952,Frozen Foods,235.9906,OUT046,1997,Small,Tier 1,Supermarket Type1,6893.0274
FDF16,7.3,Low Fat,0.086132373,Frozen Foods,148.8076,OUT046,1997,Small,Tier 1,Supermarket Type1,3103.9596
FDE41,9.195,Regular,0.064014173,Frozen Foods,83.3566,OUT046,1997,Small,Tier 1,Supermarket Type1,1437.4622
FDD41,NA,Regular,0.086837543,Frozen Foods,106.2306,OUT027,1985,Medium,Tier 3,Supermarket Type3,2090.612
FDH16,10.5,Low Fat,0.052637056,Frozen Foods,88.583,OUT049,1999,Medium,Tier 1,Supermarket Type1,808.947
FDK41,14.3,Low Fat,0.12780038,Frozen Foods,83.6224,OUT045,2002,NA,Tier 2,Supermarket Type1,852.224
FDH05,14.35,Regular,0.091283986,Frozen Foods,232.6984,OUT018,2009,Medium,Tier 3,Supermarket Type2,2316.984
FDB29,16.7,Regular,0.052625179,Frozen Foods,113.4176,OUT018,2009,Medium,Tier 3,Supermarket Type2,1488.7288
FDK04,7.36,Low Fat,0.052418124,Frozen Foods,56.5588,OUT045,2002,NA,Tier 2,Supermarket Type1,801.6232
FDV52,20.7,Regular,0.122015744,Frozen Foods,117.7466,OUT018,2009,Medium,Tier 3,Supermarket Type2,2828.3184
FDR40,9.1,Regular,0.008027701,Frozen Foods,81.1618,OUT013,1987,High,Tier 3,Supermarket Type1,2255.7304
FDK41,14.3,Low Fat,0.127435585,Frozen Foods,86.8224,OUT013,1987,High,Tier 3,Supermarket Type1,852.224
FDX28,6.325,Low Fat,0.125154452,Frozen Foods,99.2042,OUT035,2004,Small,Tier 2,Supermarket Type1,1388.8588
FDY40,15.5,Regular,0.143670179,Frozen Foods,48.4692,OUT010,1998,NA,Tier 3,Grocery Store,49.2692
FDV40,17.35,Low Fat,0.014691784,Frozen Foods,74.1038,OUT046,1997,Small,Tier 1,Supermarket Type1,960.7494
FDI52,18.7,Low Fat,0.104890428,Frozen Foods,121.4072,OUT045,2002,NA,Tier 2,Supermarket Type1,3185.1872
FDR28,13.85,Regular,0.026042966,Frozen Foods,161.221,OUT017,2007,NA,Tier 2,Supermarket Type1,1794.331
FDH40,11.6,Regular,0.078863888,Frozen Foods,83.2276,OUT013,1987,High,Tier 3,Supermarket Type1,1543.3244
FDK41,NA,LF,0.126924095,Frozen Foods,87.2224,OUT027,1985,Medium,Tier 3,Supermarket Type3,3494.1184
FDT28,13.3,Low Fat,0.06355415,Frozen Foods,149.4708,OUT035,2004,Small,Tier 2,Supermarket Type1,1354.2372
FDX04,19.6,Regular,0.041806702,Frozen Foods,48.8376,OUT017,2007,NA,Tier 2,Supermarket Type1,527.3136
FDL52,6.635,Regular,0.046090204,Frozen Foods,37.1506,OUT046,1997,Small,Tier 1,Supermarket Type1,834.9132
FDI53,8.895,Regular,0.13842353,Frozen Foods,163.0236,OUT017,2007,NA,Tier 2,Supermarket Type1,1127.8652
FDG53,10,Low Fat,0.046043736,Frozen Foods,140.618,OUT018,2009,Medium,Tier 3,Supermarket Type2,2376.906
FDV16,7.75,Regular,0.083399788,Frozen Foods,34.5558,OUT017,2007,NA,Tier 2,Supermarket Type1,441.4254
FDJ41,6.85,LF,0.02288328,Frozen Foods,261.2594,OUT046,1997,Small,Tier 1,Supermarket Type1,2878.2534
FDK40,7.035,Low Fat,0.021849398,Frozen Foods,262.091,OUT046,1997,Small,Tier 1,Supermarket Type1,4207.856
FDF05,17.5,Low Fat,0.026912667,Frozen Foods,261.291,OUT049,1999,Medium,Tier 1,Supermarket Type1,3418.883
FDX04,19.6,Regular,0.041636189999999997,Frozen Foods,47.3376,OUT049,1999,Medium,Tier 1,Supermarket Type1,1150.5024
FDJ52,7.145,Low Fat,0.017814518,Frozen Foods,159.8578,OUT049,1999,Medium,Tier 1,Supermarket Type1,2246.4092
FDL40,17.7,Low Fat,0.011603492,Frozen Foods,97.741,OUT013,1987,High,Tier 3,Supermarket Type1,1158.492
FDP40,4.555,Regular,0.034350673,Frozen Foods,112.7544,OUT035,2004,Small,Tier 2,Supermarket Type1,1789.6704
FDA28,16.1,Regular,0.047996608,Frozen Foods,127.0362,OUT018,2009,Medium,Tier 3,Supermarket Type2,1384.1982
FDY16,18.35,Regular,0.092150005,Frozen Foods,184.8266,OUT013,1987,High,Tier 3,Supermarket Type1,3872.9586
FDM28,15.7,Low Fat,0.045295529,Frozen Foods,181.366,OUT045,2002,NA,Tier 2,Supermarket Type1,1977.426
FDK04,7.36,Low Fat,0.052312034,Frozen Foods,58.5588,OUT046,1997,Small,Tier 1,Supermarket Type1,801.6232
FDX40,12.85,Low Fat,0.098993139,Frozen Foods,39.3164,OUT046,1997,Small,Tier 1,Supermarket Type1,540.6296
FDJ04,18,Low Fat,0.12470444,Frozen Foods,120.3124,OUT045,2002,NA,Tier 2,Supermarket Type1,2725.7852
FDX04,19.6,Regular,0.041536962,Frozen Foods,46.0376,OUT013,1987,High,Tier 3,Supermarket Type1,527.3136
FDJ28,12.3,Low Fat,0.021984639,Frozen Foods,191.2162,OUT017,2007,NA,Tier 2,Supermarket Type1,1924.162
FDE29,8.905,Low Fat,0.143351652,Frozen Foods,62.0878,OUT049,1999,Medium,Tier 1,Supermarket Type1,302.939
FDB29,16.7,Regular,0.052401766,Frozen Foods,115.1176,OUT035,2004,Small,Tier 2,Supermarket Type1,1488.7288
FDL28,10,Regular,0.063121982,Frozen Foods,231.7668,OUT013,1987,High,Tier 3,Supermarket Type1,460.7336
FDS16,15.15,Regular,0.066164431,Frozen Foods,147.376,OUT035,2004,Small,Tier 2,Supermarket Type1,2197.14
FDN04,11.8,Regular,0.014166739,Frozen Foods,178.2344,OUT017,2007,NA,Tier 2,Supermarket Type1,2854.9504
FDD05,19.35,Low Fat,0.016679143,Frozen Foods,119.3098,OUT018,2009,Medium,Tier 3,Supermarket Type2,1928.1568
FDP52,NA,Regular,0.070349402,Frozen Foods,228.601,OUT027,1985,Medium,Tier 3,Supermarket Type3,7350.432
FDF52,NA,Low Fat,0.066459891,Frozen Foods,184.2292,OUT027,1985,Medium,Tier 3,Supermarket Type3,4560.73
FDD53,NA,Low Fat,0.044008347,Frozen Foods,43.7454,OUT027,1985,Medium,Tier 3,Supermarket Type3,671.1264
FDG29,17.6,Low Fat,0.05661033,Frozen Foods,41.7454,OUT017,2007,NA,Tier 2,Supermarket Type1,209.727
FDG17,NA,Regular,0.035666655,Frozen Foods,246.2486,OUT027,1985,Medium,Tier 3,Supermarket Type3,8063.5038
FDW52,14,Regular,0.037734782,Frozen Foods,166.4526,OUT017,2007,NA,Tier 2,Supermarket Type1,4769.1254
FDZ04,9.31,Low Fat,0.038014104,Frozen Foods,62.351,OUT049,1999,Medium,Tier 1,Supermarket Type1,822.263
FDQ40,11.1,Regular,0.036083537,Frozen Foods,175.4712,OUT049,1999,Medium,Tier 1,Supermarket Type1,2988.1104
FDQ40,11.1,Regular,0.036020711,Frozen Foods,177.2712,OUT035,2004,Small,Tier 2,Supermarket Type1,2109.2544
FDV52,20.7,Regular,0.12152072,Frozen Foods,118.0466,OUT046,1997,Small,Tier 1,Supermarket Type1,1060.6194
FDT52,9.695,Regular,0.047503318,Frozen Foods,244.6144,OUT049,1999,Medium,Tier 1,Supermarket Type1,3185.1872
FDQ52,NA,Low Fat,0.118806857,Frozen Foods,248.8434,OUT027,1985,Medium,Tier 3,Supermarket Type3,6705.2718
FDI40,11.5,Regular,0.126313413,Frozen Foods,100.6358,OUT017,2007,NA,Tier 2,Supermarket Type1,2010.716
FDS16,15.15,Regular,0.066279832,Frozen Foods,147.876,OUT049,1999,Medium,Tier 1,Supermarket Type1,4540.756
FDX40,12.85,Low Fat,0.098910759,Frozen Foods,37.6164,OUT013,1987,High,Tier 3,Supermarket Type1,308.9312
FDH52,NA,Regular,0.043690499,Frozen Foods,60.2194,OUT027,1985,Medium,Tier 3,Supermarket Type3,1733.7432
FDS28,8.18,Regular,0.082333019,Frozen Foods,58.1588,OUT013,1987,High,Tier 3,Supermarket Type1,343.5528
FDH28,15.85,Regular,0.110653377,Frozen Foods,36.9506,OUT017,2007,NA,Tier 2,Supermarket Type1,759.012
FDP16,18.6,Low Fat,0.065771529,Frozen Foods,245.7802,OUT010,1998,NA,Tier 3,Grocery Store,245.6802
FDF04,17.5,LF,0.013658248,Frozen Foods,256.3304,OUT049,1999,Medium,Tier 1,Supermarket Type1,6199.9296
FDX04,19.6,Regular,0.041740902,Frozen Foods,49.2376,OUT018,2009,Medium,Tier 3,Supermarket Type2,958.752
FDF16,7.3,Low Fat,0.086307051,Frozen Foods,146.8076,OUT045,2002,NA,Tier 2,Supermarket Type1,1330.2684
FDI52,18.7,Low Fat,0.105104552,Frozen Foods,121.7072,OUT018,2009,Medium,Tier 3,Supermarket Type2,1347.5792
FDO16,5.48,Low Fat,0.015131684,Frozen Foods,83.025,OUT049,1999,Medium,Tier 1,Supermarket Type1,1414.825
FDG05,NA,Regular,0.087421738,Frozen Foods,154.463,OUT027,1985,Medium,Tier 3,Supermarket Type3,2972.797
FDO40,17.1,LF,0.032628111,Frozen Foods,148.7392,OUT046,1997,Small,Tier 1,Supermarket Type1,1640.5312
FDD05,19.35,Low Fat,0.016705436,Frozen Foods,120.8098,OUT017,2007,NA,Tier 2,Supermarket Type1,3374.2744
FDO40,17.1,Low Fat,0.054612768,Frozen Foods,150.2392,OUT010,1998,NA,Tier 3,Grocery Store,596.5568
FDY04,17.7,Regular,0.042716709,Frozen Foods,163.221,OUT017,2007,NA,Tier 2,Supermarket Type1,1794.331
FDX52,11.5,Regular,0.04224015,Frozen Foods,194.982,OUT017,2007,NA,Tier 2,Supermarket Type1,3089.312
FDF41,12.15,Low Fat,0.131921819,Frozen Foods,246.346,OUT017,2007,NA,Tier 2,Supermarket Type1,739.038
FDF05,17.5,Low Fat,0.026865809,Frozen Foods,261.691,OUT035,2004,Small,Tier 2,Supermarket Type1,4207.856
FDJ52,7.145,Low Fat,0.017822936,Frozen Foods,161.3578,OUT045,2002,NA,Tier 2,Supermarket Type1,1123.2046
FDY04,17.7,Regular,0.042542484,Frozen Foods,161.921,OUT049,1999,Medium,Tier 1,Supermarket Type1,2120.573
FDF05,NA,Low Fat,0.026740767,Frozen Foods,261.291,OUT027,1985,Medium,Tier 3,Supermarket Type3,5522.811
FDY40,15.5,Regular,0.086184647,Frozen Foods,50.9692,OUT018,2009,Medium,Tier 3,Supermarket Type2,394.1536
FDZ52,19.2,Low Fat,0.100482186,Frozen Foods,111.8886,OUT018,2009,Medium,Tier 3,Supermarket Type2,1667.829
FDP28,13.65,Regular,0.08062523,Frozen Foods,259.6936,OUT035,2004,Small,Tier 2,Supermarket Type1,2087.9488
FDG04,NA,Low Fat,0.010615026,Frozen Foods,185.1898,OUT019,1985,Small,Tier 1,Grocery Store,374.1796
FDF29,15.1,Regular,0.020015391,Frozen Foods,128.831,OUT018,2009,Medium,Tier 3,Supermarket Type2,1817.634
FDG29,17.6,Low Fat,0.056281276,Frozen Foods,40.3454,OUT035,2004,Small,Tier 2,Supermarket Type1,796.9626
FDB53,13.35,Low Fat,0.139669224,Frozen Foods,147.6392,OUT049,1999,Medium,Tier 1,Supermarket Type1,1938.8096
FDT40,5.985,Low Fat,0.095989602,Frozen Foods,127.3678,OUT045,2002,NA,Tier 2,Supermarket Type1,508.6712
FDA52,16.2,Regular,0.128397995,Frozen Foods,178.337,OUT035,2004,Small,Tier 2,Supermarket Type1,1411.496
FDE53,10.895,Low Fat,0.027032204,Frozen Foods,106.328,OUT017,2007,NA,Tier 2,Supermarket Type1,852.224
FDP28,13.65,Regular,0.080804019,Frozen Foods,261.1936,OUT045,2002,NA,Tier 2,Supermarket Type1,2348.9424
FDH04,6.115,Regular,0.011437302,Frozen Foods,92.4488,OUT017,2007,NA,Tier 2,Supermarket Type1,1358.232
FDS40,15.35,Low Fat,0.02346559,Frozen Foods,35.219,OUT010,1998,NA,Tier 3,Grocery Store,36.619
FDA40,16,Regular,0.099271209,Frozen Foods,88.5856,OUT046,1997,Small,Tier 1,Supermarket Type1,878.856
FDJ52,7.145,Low Fat,0.017887474,Frozen Foods,160.6578,OUT017,2007,NA,Tier 2,Supermarket Type1,1765.0358
FDK41,14.3,Low Fat,0.12826315,Frozen Foods,83.4224,OUT017,2007,NA,Tier 2,Supermarket Type1,681.7792
FDG53,10,Low Fat,0.045928229,Frozen Foods,138.118,OUT049,1999,Medium,Tier 1,Supermarket Type1,1957.452
FDZ04,9.31,Low Fat,0.037955094,Frozen Foods,62.151,OUT046,1997,Small,Tier 1,Supermarket Type1,1201.769
FDS40,15.35,Low Fat,0.01404119,Frozen Foods,38.419,OUT049,1999,Medium,Tier 1,Supermarket Type1,476.047
FDP40,NA,Regular,0.060154968,Frozen Foods,110.1544,OUT019,1985,Small,Tier 1,Grocery Store,111.8544
FDW16,17.35,Regular,0.041538713,Frozen Foods,93.1804,OUT049,1999,Medium,Tier 1,Supermarket Type1,1378.206
FDP40,4.555,Regular,0.034410585,Frozen Foods,111.3544,OUT049,1999,Medium,Tier 1,Supermarket Type1,1342.2528
FDF53,20.75,Regular,0.083536989,Frozen Foods,180.3318,OUT013,1987,High,Tier 3,Supermarket Type1,4149.9314
FDU40,20.85,Low Fat,0.03747983,Frozen Foods,192.7478,OUT045,2002,NA,Tier 2,Supermarket Type1,2131.2258
FDI40,11.5,Regular,0.125579201,Frozen Foods,99.7358,OUT035,2004,Small,Tier 2,Supermarket Type1,1105.8938
FDP40,4.555,Regular,0.034357169,Frozen Foods,112.6544,OUT046,1997,Small,Tier 1,Supermarket Type1,2684.5056
FDU40,20.85,Low Fat,0.037396901,Frozen Foods,193.8478,OUT035,2004,Small,Tier 2,Supermarket Type1,2712.4692
FDT04,17.25,Low Fat,0.107021498,Frozen Foods,40.5822,OUT035,2004,Small,Tier 2,Supermarket Type1,785.644
FDI04,13.65,reg,0.073060301,Frozen Foods,196.2426,OUT045,2002,NA,Tier 2,Supermarket Type1,2570.6538
FDP28,13.65,Regular,0.080968973,Frozen Foods,259.7936,OUT018,2009,Medium,Tier 3,Supermarket Type2,2609.936
FDG16,15.25,Low Fat,0.08995645,Frozen Foods,217.1192,OUT049,1999,Medium,Tier 1,Supermarket Type1,3235.788
FDT40,5.985,LF,0.095795326,Frozen Foods,128.4678,OUT046,1997,Small,Tier 1,Supermarket Type1,508.6712
FDM28,15.7,Low Fat,0.045203854,Frozen Foods,180.266,OUT046,1997,Small,Tier 1,Supermarket Type1,1617.894
FDE16,8.895,Low Fat,0.044093978,Frozen Foods,208.3954,OUT010,1998,NA,Tier 3,Grocery Store,1041.977
FDE05,10.895,Regular,0.03263762,Frozen Foods,147.7102,OUT017,2007,NA,Tier 2,Supermarket Type1,1895.5326
FDB53,13.35,Low Fat,0.139426044,Frozen Foods,148.3392,OUT035,2004,Small,Tier 2,Supermarket Type1,3877.6192
FDQ40,NA,Regular,0.063079544,Frozen Foods,175.7712,OUT019,1985,Small,Tier 1,Grocery Store,351.5424
FDB17,NA,Low Fat,0.064208126,Frozen Foods,180.1976,OUT019,1985,Small,Tier 1,Grocery Store,181.0976
FDQ16,19.7,Low Fat,0.041974489,Frozen Foods,108.6912,OUT017,2007,NA,Tier 2,Supermarket Type1,2183.824
FDJ40,13.6,Regular,0.049579883,Frozen Foods,110.0912,OUT035,2004,Small,Tier 2,Supermarket Type1,1965.4416
FDB05,NA,Low Fat,0.145669556,Frozen Foods,247.2776,OUT019,1985,Small,Tier 1,Grocery Store,743.0328
FDX04,NA,Regular,0.07278643,Frozen Foods,49.4376,OUT019,1985,Small,Tier 1,Grocery Store,191.7504
FDP04,NA,Low Fat,0.013745883,Frozen Foods,62.0168,OUT027,1985,Medium,Tier 3,Supermarket Type3,1534.0032
FDE29,8.905,LF,0.143712172,Frozen Foods,60.2878,OUT018,2009,Medium,Tier 3,Supermarket Type2,1151.1682
FDL04,19,Low Fat,0.111830282,Frozen Foods,105.4622,OUT013,1987,High,Tier 3,Supermarket Type1,952.7598
FDE41,9.195,Regular,0.064143995,Frozen Foods,85.9566,OUT045,2002,NA,Tier 2,Supermarket Type1,1691.132
FDK16,9.065,Low Fat,0.115233813,Frozen Foods,94.4094,OUT013,1987,High,Tier 3,Supermarket Type1,2856.282
FDF52,9.3,Low Fat,0.066727717,Frozen Foods,181.6292,OUT013,1987,High,Tier 3,Supermarket Type1,2371.5796
FDD53,NA,Low Fat,0.077427883,Frozen Foods,41.8454,OUT019,1985,Small,Tier 1,Grocery Store,41.9454
FDL04,19,Low Fat,0.111902259,Frozen Foods,105.4622,OUT035,2004,Small,Tier 2,Supermarket Type1,1905.5196
FDJ53,10.5,Low Fat,0.071548187,Frozen Foods,120.2098,OUT018,2009,Medium,Tier 3,Supermarket Type2,602.549
FDL52,NA,Regular,0.080697998,Frozen Foods,39.8506,OUT019,1985,Small,Tier 1,Grocery Store,37.9506
FDK04,NA,Low Fat,0.052058711,Frozen Foods,55.5588,OUT027,1985,Medium,Tier 3,Supermarket Type3,1145.176
FDV52,20.7,Regular,0.121767168,Frozen Foods,118.9466,OUT045,2002,NA,Tier 2,Supermarket Type1,353.5398
FDP16,18.6,Low Fat,0.039517121,Frozen Foods,243.6802,OUT017,2007,NA,Tier 2,Supermarket Type1,5896.3248
FDH41,9,Low Fat,0.081943273,Frozen Foods,214.5534,OUT013,1987,High,Tier 3,Supermarket Type1,3440.8544
FDD05,19.35,Low Fat,0.016645164,Frozen Foods,120.9098,OUT045,2002,NA,Tier 2,Supermarket Type1,1687.1372
FDF04,17.5,Low Fat,0.013664703,Frozen Foods,257.7304,OUT045,2002,NA,Tier 2,Supermarket Type1,5683.2688
FDD05,NA,Low Fat,0.016531033,Frozen Foods,122.4098,OUT027,1985,Medium,Tier 3,Supermarket Type3,3012.745
FDG41,8.84,Regular,0.076873991,Frozen Foods,109.9228,OUT018,2009,Medium,Tier 3,Supermarket Type2,1547.3192
FDU16,19.25,Regular,0.058226609,Frozen Foods,85.2908,OUT013,1987,High,Tier 3,Supermarket Type1,671.1264
FDJ41,6.85,Low Fat,0.022878953,Frozen Foods,262.3594,OUT035,2004,Small,Tier 2,Supermarket Type1,3924.891
FDJ52,7.145,Low Fat,0.01785932,Frozen Foods,160.6578,OUT018,2009,Medium,Tier 3,Supermarket Type2,2246.4092
FDZ28,20,Regular,0.086187886,Frozen Foods,125.4678,OUT010,1998,NA,Tier 3,Grocery Store,127.1678
FDK28,5.695,Low Fat,0.109784056,Frozen Foods,256.0646,OUT010,1998,NA,Tier 3,Grocery Store,1288.323
FDK04,7.36,Low Fat,0.087559621,Frozen Foods,55.2588,OUT010,1998,NA,Tier 3,Grocery Store,229.0352
FDC29,8.39,Regular,0.024201084,Frozen Foods,112.6176,OUT035,2004,Small,Tier 2,Supermarket Type1,2175.8344
FDU52,NA,Low Fat,0.063462048,Frozen Foods,157.563,OUT027,1985,Medium,Tier 3,Supermarket Type3,1721.093
FDD53,16.2,Low Fat,0.074019393,Frozen Foods,41.7454,OUT010,1998,NA,Tier 3,Grocery Store,83.8908
FDD29,12.15,Low Fat,0.018407033,Frozen Foods,254.7698,OUT035,2004,Small,Tier 2,Supermarket Type1,5834.4054
FDF29,NA,Regular,0.019837655,Frozen Foods,128.131,OUT027,1985,Medium,Tier 3,Supermarket Type3,1687.803
FDN16,12.6,Regular,0.062827447,Frozen Foods,105.099,OUT045,2002,NA,Tier 2,Supermarket Type1,1444.786
FDJ04,18,Low Fat,0.124959013,Frozen Foods,116.5124,OUT018,2009,Medium,Tier 3,Supermarket Type2,355.5372
FDM04,9.195,Regular,0.0471117,Frozen Foods,52.0666,OUT035,2004,Small,Tier 2,Supermarket Type1,615.1992
FDQ52,17,Low Fat,0.119570595,Frozen Foods,249.7434,OUT049,1999,Medium,Tier 1,Supermarket Type1,4221.8378
FDY04,17.7,Regular,0.042649476,Frozen Foods,162.721,OUT018,2009,Medium,Tier 3,Supermarket Type2,978.726
FDH28,15.85,Regular,0.110202066,Frozen Foods,39.7506,OUT049,1999,Medium,Tier 1,Supermarket Type1,721.0614
FDG05,11,Regular,0.088025298,Frozen Foods,158.063,OUT045,2002,NA,Tier 2,Supermarket Type1,2659.871
FDF17,5.19,Low Fat,0.042707323,Frozen Foods,197.811,OUT045,2002,NA,Tier 2,Supermarket Type1,2946.165
FDI05,8.35,Regular,0.127587344,Frozen Foods,76.5354,OUT017,2007,NA,Tier 2,Supermarket Type1,1805.6496
FDD16,20.5,Low Fat,0.036353098,Frozen Foods,75.8696,OUT046,1997,Small,Tier 1,Supermarket Type1,2386.2272
FDY04,NA,Regular,0.042270751,Frozen Foods,162.521,OUT027,1985,Medium,Tier 3,Supermarket Type3,4567.388
FDC29,NA,Regular,0.024088444,Frozen Foods,112.7176,OUT027,1985,Medium,Tier 3,Supermarket Type3,1832.2816
FDI52,18.7,Low Fat,0.104591027,Frozen Foods,121.4072,OUT013,1987,High,Tier 3,Supermarket Type1,2450.144
FDA16,6.695,Low Fat,0.03408026,Frozen Foods,220.8456,OUT018,2009,Medium,Tier 3,Supermarket Type2,5084.0488
FDB29,16.7,Regular,0.052493162,Frozen Foods,113.9176,OUT049,1999,Medium,Tier 1,Supermarket Type1,2519.3872
FDS04,10.195,Regular,0.146540889,Frozen Foods,141.7838,OUT013,1987,High,Tier 3,Supermarket Type1,1685.8056
FDH40,11.6,Regular,0.132111921,Frozen Foods,82.2276,OUT010,1998,NA,Tier 3,Grocery Store,243.6828
FDC41,15.6,Low Fat,0.117574554,Frozen Foods,75.667,OUT017,2007,NA,Tier 2,Supermarket Type1,1301.639
FDE05,NA,Regular,0.032296886,Frozen Foods,144.0102,OUT027,1985,Medium,Tier 3,Supermarket Type3,5394.9774
FDW52,NA,Regular,0.037340835,Frozen Foods,163.1526,OUT027,1985,Medium,Tier 3,Supermarket Type3,3946.8624
FDS04,10.195,Regular,0.146635206,Frozen Foods,139.0838,OUT035,2004,Small,Tier 2,Supermarket Type1,3652.5788
FDE17,20.1,Regular,0.054763518,Frozen Foods,150.9366,OUT017,2007,NA,Tier 2,Supermarket Type1,3476.1418
FDN40,5.88,Low Fat,0.08644044,Frozen Foods,155.3998,OUT035,2004,Small,Tier 2,Supermarket Type1,2153.1972
FDF16,7.3,Low Fat,0.086619573,Frozen Foods,147.6076,OUT017,2007,NA,Tier 2,Supermarket Type1,3251.7672
FDD41,6.765,Regular,0.087437069,Frozen Foods,106.1306,OUT045,2002,NA,Tier 2,Supermarket Type1,1672.4896
FDK40,NA,Low Fat,0.021743592,Frozen Foods,263.191,OUT027,1985,Medium,Tier 3,Supermarket Type3,6574.775
FDI52,18.7,Low Fat,0.10527024,Frozen Foods,122.9072,OUT017,2007,NA,Tier 2,Supermarket Type1,490.0288
FDT28,13.3,Low Fat,0.063513272,Frozen Foods,149.9708,OUT013,1987,High,Tier 3,Supermarket Type1,2106.5912
FDH52,9.42,Regular,0.044151435,Frozen Foods,61.5194,OUT017,2007,NA,Tier 2,Supermarket Type1,866.8716
FDU04,7.93,Low Fat,0.005557062,Frozen Foods,122.1414,OUT049,1999,Medium,Tier 1,Supermarket Type1,2924.1936
FDB41,19,Regular,0.097709541,Frozen Foods,48.6718,OUT018,2009,Medium,Tier 3,Supermarket Type2,614.5334
FDH17,16.2,Regular,0.01665334,Frozen Foods,97.3726,OUT046,1997,Small,Tier 1,Supermarket Type1,2055.3246
FDM04,9.195,Regular,0.04712061,Frozen Foods,53.1666,OUT046,1997,Small,Tier 1,Supermarket Type1,768.999
FDZ40,8.935,Low Fat,0.040346436,Frozen Foods,53.7298,OUT018,2009,Medium,Tier 3,Supermarket Type2,593.2278
FDE05,10.895,Regular,0.032454046,Frozen Foods,144.8102,OUT046,1997,Small,Tier 1,Supermarket Type1,3062.0142
FDS52,NA,Low Fat,0.009585169,Frozen Foods,102.5016,OUT019,1985,Small,Tier 1,Grocery Store,101.2016
FDC17,12.15,Low Fat,0.015548178,Frozen Foods,211.2928,OUT017,2007,NA,Tier 2,Supermarket Type1,5049.4272
FDV16,NA,Regular,0.145200948,Frozen Foods,35.4558,OUT019,1985,Small,Tier 1,Grocery Store,135.8232
FDK16,NA,Low Fat,0.114771298,Frozen Foods,93.9094,OUT027,1985,Medium,Tier 3,Supermarket Type3,3903.5854
FDT16,9.895,Regular,0.048662357,Frozen Foods,261.7278,OUT046,1997,Small,Tier 1,Supermarket Type1,4685.9004
FDQ04,6.4,Low Fat,0.141860161,Frozen Foods,41.0796,OUT010,1998,NA,Tier 3,Grocery Store,41.2796
FDJ16,9.195,Low Fat,0.115353642,Frozen Foods,58.9246,OUT018,2009,Medium,Tier 3,Supermarket Type2,926.7936
FDR52,12.65,Regular,0.07603021,Frozen Foods,189.0846,OUT035,2004,Small,Tier 2,Supermarket Type1,4012.7766
FDR52,NA,Regular,0.133144259,Frozen Foods,190.8846,OUT019,1985,Small,Tier 1,Grocery Store,191.0846
FDA04,11.3,Regular,0.066865326,Frozen Foods,260.1962,OUT045,2002,NA,Tier 2,Supermarket Type1,2848.9582
FDN28,5.88,Regular,0.030371121,Frozen Foods,101.799,OUT018,2009,Medium,Tier 3,Supermarket Type2,1960.781
FDK40,7.035,Low Fat,0.02189371,Frozen Foods,262.791,OUT045,2002,NA,Tier 2,Supermarket Type1,3681.874
FDO28,NA,Low Fat,0.126585095,Frozen Foods,122.4098,OUT019,1985,Small,Tier 1,Grocery Store,120.5098
FDS52,8.89,Low Fat,0.005485618,Frozen Foods,99.3016,OUT045,2002,NA,Tier 2,Supermarket Type1,607.2096
FDB17,13.15,Low Fat,0.061381589,Frozen Foods,179.9976,OUT010,1998,NA,Tier 3,Grocery Store,181.0976
FDE28,9.5,Regular,0.132521929,Frozen Foods,228.6668,OUT035,2004,Small,Tier 2,Supermarket Type1,4146.6024
FDP28,13.65,Regular,0.080573371,Frozen Foods,260.1936,OUT013,1987,High,Tier 3,Supermarket Type1,3914.904
FDC53,NA,Low Fat,0.008792907,Frozen Foods,96.7384,OUT027,1985,Medium,Tier 3,Supermarket Type3,2956.152
FDO28,5.765,Low Fat,0.072238195,Frozen Foods,120.0098,OUT013,1987,High,Tier 3,Supermarket Type1,1687.1372
FDG53,10,Low Fat,0.045848263,Frozen Foods,138.518,OUT035,2004,Small,Tier 2,Supermarket Type1,2237.088
FDO52,11.6,Regular,0.077164595,Frozen Foods,172.5106,OUT046,1997,Small,Tier 1,Supermarket Type1,2566.659
FDA04,11.3,Regular,0.066833743,Frozen Foods,257.2962,OUT049,1999,Medium,Tier 1,Supermarket Type1,2330.9658
FDO52,11.6,Regular,0.077150004,Frozen Foods,170.2106,OUT035,2004,Small,Tier 2,Supermarket Type1,1882.2166
FDA04,11.3,Regular,0.066674465,Frozen Foods,259.1962,OUT013,1987,High,Tier 3,Supermarket Type1,5179.924
FDP52,18.7,Regular,0.070979698,Frozen Foods,229.501,OUT018,2009,Medium,Tier 3,Supermarket Type2,1607.907
FDN40,5.88,Low Fat,0.086945823,Frozen Foods,152.9998,OUT017,2007,NA,Tier 2,Supermarket Type1,3691.1952
FDO16,5.48,Low Fat,0.015108194,Frozen Foods,83.725,OUT046,1997,Small,Tier 1,Supermarket Type1,1165.15
FDN40,5.88,Low Fat,0.086384841,Frozen Foods,153.2998,OUT013,1987,High,Tier 3,Supermarket Type1,2153.1972
FDU04,7.93,Low Fat,0.005547386,Frozen Foods,121.5414,OUT035,2004,Small,Tier 2,Supermarket Type1,1340.2554
FDY40,15.5,Regular,0.086320509,Frozen Foods,48.1692,OUT017,2007,NA,Tier 2,Supermarket Type1,985.384
FDH05,14.35,Regular,0.090913642,Frozen Foods,231.2984,OUT046,1997,Small,Tier 1,Supermarket Type1,3243.7776
FDF28,NA,Regular,0.037681359,Frozen Foods,125.1046,OUT027,1985,Medium,Tier 3,Supermarket Type3,3859.6426
FDD29,12.15,Low Fat,0.018395194,Frozen Foods,251.6698,OUT013,1987,High,Tier 3,Supermarket Type1,6088.0752
FDV04,7.825,Regular,0.149890395,Frozen Foods,159.0288,OUT013,1987,High,Tier 3,Supermarket Type1,1257.0304
FDX16,17.85,Low Fat,0.06594351,Frozen Foods,149.105,OUT045,2002,NA,Tier 2,Supermarket Type1,4643.955
FDK16,9.065,Low Fat,0.115307979,Frozen Foods,97.0094,OUT035,2004,Small,Tier 2,Supermarket Type1,856.8846
FDB05,NA,Low Fat,0.08279545,Frozen Foods,245.8776,OUT027,1985,Medium,Tier 3,Supermarket Type3,4705.8744
FDI05,8.35,Regular,0.126869718,Frozen Foods,74.4354,OUT046,1997,Small,Tier 1,Supermarket Type1,1128.531
FDQ04,6.4,Low Fat,0.084885375,Frozen Foods,39.2796,OUT049,1999,Medium,Tier 1,Supermarket Type1,701.7532
FDH41,NA,LF,0.143591586,Frozen Foods,213.5534,OUT019,1985,Small,Tier 1,Grocery Store,430.1068
FDS28,8.18,Regular,0.082568705,Frozen Foods,56.1588,OUT045,2002,NA,Tier 2,Supermarket Type1,458.0704
FDG28,9.285,Regular,0.049280292,Frozen Foods,245.6144,OUT046,1997,Small,Tier 1,Supermarket Type1,3920.2304
FDB17,NA,Low Fat,0.036494521,Frozen Foods,179.0976,OUT027,1985,Medium,Tier 3,Supermarket Type3,5976.2208
FDX04,19.6,Regular,0.041655865,Frozen Foods,48.5376,OUT045,2002,NA,Tier 2,Supermarket Type1,335.5632
FDP04,15.35,Low Fat,0.013812772,Frozen Foods,64.7168,OUT046,1997,Small,Tier 1,Supermarket Type1,1022.6688
FDS40,NA,Low Fat,0.013951504,Frozen Foods,36.719,OUT027,1985,Medium,Tier 3,Supermarket Type3,622.523
FDI40,11.5,Regular,0.126114605,Frozen Foods,99.3358,OUT018,2009,Medium,Tier 3,Supermarket Type2,804.2864
FDB41,19,Regular,0.097294728,Frozen Foods,47.7718,OUT035,2004,Small,Tier 2,Supermarket Type1,1039.9796
FDY16,18.35,Regular,0.092413792,Frozen Foods,183.6266,OUT045,2002,NA,Tier 2,Supermarket Type1,1844.266
FDG17,6.865,Regular,0.03598621,Frozen Foods,244.1486,OUT018,2009,Medium,Tier 3,Supermarket Type2,2687.8346
FDJ28,12.3,Low Fat,0.036590807,Frozen Foods,193.3162,OUT010,1998,NA,Tier 3,Grocery Store,192.4162
FDQ28,14,Regular,0.060768862,Frozen Foods,154.8656,OUT017,2007,NA,Tier 2,Supermarket Type1,1390.1904
FDJ04,18,Low Fat,0.124348482,Frozen Foods,118.3124,OUT013,1987,High,Tier 3,Supermarket Type1,948.0992
FDI52,18.7,Low Fat,0.104658344,Frozen Foods,121.2072,OUT035,2004,Small,Tier 2,Supermarket Type1,1470.0864
FDG16,15.25,Low Fat,0.089816808,Frozen Foods,217.3192,OUT046,1997,Small,Tier 1,Supermarket Type1,5608.6992
FDY52,6.365,Low Fat,0.007342171,Frozen Foods,59.9536,OUT013,1987,High,Tier 3,Supermarket Type1,980.0576
FDX40,12.85,Low Fat,0.099553084,Frozen Foods,40.0164,OUT017,2007,NA,Tier 2,Supermarket Type1,1312.9576
FDE29,8.905,Low Fat,0.143010016,Frozen Foods,61.6878,OUT013,1987,High,Tier 3,Supermarket Type1,1029.9926
FDS16,15.15,Regular,0.066311153,Frozen Foods,145.776,OUT045,2002,NA,Tier 2,Supermarket Type1,3954.852
FDE29,NA,Low Fat,0.142436015,Frozen Foods,62.3878,OUT027,1985,Medium,Tier 3,Supermarket Type3,1514.695
FDE17,20.1,Regular,0.054445198,Frozen Foods,151.7366,OUT035,2004,Small,Tier 2,Supermarket Type1,4836.3712
FDL40,17.7,Low Fat,0.019438042,Frozen Foods,95.541,OUT010,1998,NA,Tier 3,Grocery Store,96.541
FDF05,17.5,Low Fat,0.026848529,Frozen Foods,264.891,OUT013,1987,High,Tier 3,Supermarket Type1,4996.829
FDZ40,8.935,Low Fat,0.04026424,Frozen Foods,52.6298,OUT045,2002,NA,Tier 2,Supermarket Type1,808.947
FDJ16,9.195,Low Fat,0.115064263,Frozen Foods,58.6246,OUT049,1999,Medium,Tier 1,Supermarket Type1,868.869
FDF52,9.3,Low Fat,0.11178154,Frozen Foods,182.3292,OUT010,1998,NA,Tier 3,Grocery Store,182.4292
FDB41,19,Regular,0.097510482,Frozen Foods,48.1718,OUT045,2002,NA,Tier 2,Supermarket Type1,709.077
FDJ16,9.195,Low Fat,0.114885647,Frozen Foods,59.6246,OUT046,1997,Small,Tier 1,Supermarket Type1,1100.5674
FDI04,13.65,Regular,0.072851756,Frozen Foods,197.1426,OUT013,1987,High,Tier 3,Supermarket Type1,3954.852
FDH04,6.115,Regular,0.011372972,Frozen Foods,89.6488,OUT046,1997,Small,Tier 1,Supermarket Type1,1267.6832
FDQ52,17,Low Fat,0.119362409,Frozen Foods,249.4434,OUT035,2004,Small,Tier 2,Supermarket Type1,5960.2416
FDH28,15.85,Regular,0.110010191,Frozen Foods,38.8506,OUT035,2004,Small,Tier 2,Supermarket Type1,341.5554
FDO40,NA,Low Fat,0.032470108,Frozen Foods,148.9392,OUT027,1985,Medium,Tier 3,Supermarket Type3,3728.48
FDI05,8.35,Regular,0.127066966,Frozen Foods,76.5354,OUT049,1999,Medium,Tier 1,Supermarket Type1,1655.1788
FDR52,12.65,Regular,0.076474728,Frozen Foods,191.8846,OUT017,2007,NA,Tier 2,Supermarket Type1,1146.5076
FDA04,11.3,reg,0.067001825,Frozen Foods,259.1962,OUT018,2009,Medium,Tier 3,Supermarket Type2,5438.9202
FDO16,5.48,Low Fat,0.02528802,Frozen Foods,83.325,OUT010,1998,NA,Tier 3,Grocery Store,416.125
FDC17,12.15,Low Fat,0.015460726,Frozen Foods,211.8928,OUT046,1997,Small,Tier 1,Supermarket Type1,5890.9984
FDT52,9.695,Regular,0.047420609,Frozen Foods,246.0144,OUT035,2004,Small,Tier 2,Supermarket Type1,4165.2448
FDR04,7.075,Low Fat,0.022548195,Frozen Foods,95.7068,OUT013,1987,High,Tier 3,Supermarket Type1,583.2408
FDY40,15.5,Regular,0.085763562,Frozen Foods,49.0692,OUT013,1987,High,Tier 3,Supermarket Type1,295.6152
FDW40,14,Regular,0.105145451,Frozen Foods,144.2812,OUT046,1997,Small,Tier 1,Supermarket Type1,4844.3608
FDC28,NA,Low Fat,0.054720642,Frozen Foods,107.8254,OUT027,1985,Medium,Tier 3,Supermarket Type3,2387.5588
FDB29,16.7,Regular,0.052708138,Frozen Foods,114.7176,OUT017,2007,NA,Tier 2,Supermarket Type1,2404.8696
FDX52,11.5,Regular,0.041994624,Frozen Foods,194.782,OUT035,2004,Small,Tier 2,Supermarket Type1,3475.476
FDR04,7.075,Low Fat,0.022694623,Frozen Foods,98.8068,OUT017,2007,NA,Tier 2,Supermarket Type1,2527.3768
FDH17,16.2,Regular,0.016679232,Frozen Foods,96.3726,OUT049,1999,Medium,Tier 1,Supermarket Type1,2740.4328
FDS04,10.195,Regular,0.147492524,Frozen Foods,141.5838,OUT017,2007,NA,Tier 2,Supermarket Type1,1685.8056
FDH28,15.85,Regular,0.110479217,Frozen Foods,36.7506,OUT018,2009,Medium,Tier 3,Supermarket Type2,531.3084
FDX40,12.85,Low Fat,0.099193899,Frozen Foods,38.1164,OUT045,2002,NA,Tier 2,Supermarket Type1,656.4788
FDA40,16,Regular,0.09942555,Frozen Foods,87.0856,OUT049,1999,Medium,Tier 1,Supermarket Type1,527.3136
FDD17,7.5,Low Fat,0.032811503,Frozen Foods,239.6906,OUT017,2007,NA,Tier 2,Supermarket Type1,2614.5966
FDZ28,20,Regular,0.051783761,Frozen Foods,125.8678,OUT017,2007,NA,Tier 2,Supermarket Type1,3433.5306
FDC41,NA,Low Fat,0.116347087,Frozen Foods,76.867,OUT027,1985,Medium,Tier 3,Supermarket Type3,2526.711
FDJ53,NA,Low Fat,0.070912843,Frozen Foods,121.5098,OUT027,1985,Medium,Tier 3,Supermarket Type3,2410.196
FDX04,19.6,Regular,0.041571557,Frozen Foods,49.9376,OUT046,1997,Small,Tier 1,Supermarket Type1,623.1888
FDF41,NA,Low Fat,0.130544568,Frozen Foods,248.046,OUT027,1985,Medium,Tier 3,Supermarket Type3,7883.072
FDC28,7.905,Low Fat,0.055098434,Frozen Foods,109.2254,OUT045,2002,NA,Tier 2,Supermarket Type1,976.7286
FDS40,15.35,Low Fat,0.014007727,Frozen Foods,38.319,OUT013,1987,High,Tier 3,Supermarket Type1,292.952
FDQ52,17,Low Fat,0.120060274,Frozen Foods,246.5434,OUT017,2007,NA,Tier 2,Supermarket Type1,4470.1812
FDD05,19.35,Low Fat,0.016611475,Frozen Foods,122.0098,OUT046,1997,Small,Tier 1,Supermarket Type1,2651.2156
FDI41,18.5,Regular,0.062510529,Frozen Foods,146.8418,OUT018,2009,Medium,Tier 3,Supermarket Type2,2059.9852
FDF41,12.15,Low Fat,0.131714183,Frozen Foods,245.846,OUT018,2009,Medium,Tier 3,Supermarket Type2,4434.228
FDO52,11.6,Regular,0.077478931,Frozen Foods,170.3106,OUT018,2009,Medium,Tier 3,Supermarket Type2,4277.765
FDE17,20.1,Regular,0.054455495,Frozen Foods,149.5366,OUT046,1997,Small,Tier 1,Supermarket Type1,2871.5954
FDZ04,9.31,Low Fat,0.063529046,Frozen Foods,63.751,OUT010,1998,NA,Tier 3,Grocery Store,126.502
FDU28,19.2,Regular,0.094300933,Frozen Foods,187.5214,OUT018,2009,Medium,Tier 3,Supermarket Type2,1695.7926
FDD28,10.695,Low Fat,0.05337973,Frozen Foods,56.7904,OUT049,1999,Medium,Tier 1,Supermarket Type1,1113.2176
FDN28,5.88,Regular,0.030418998,Frozen Foods,103.099,OUT017,2007,NA,Tier 2,Supermarket Type1,1341.587
FDC53,8.68,Low Fat,0.008835694,Frozen Foods,96.5384,OUT046,1997,Small,Tier 1,Supermarket Type1,1182.4608
FDR40,NA,Regular,0.00799548,Frozen Foods,78.5618,OUT027,1985,Medium,Tier 3,Supermarket Type3,2255.7304
FDH05,14.35,Regular,0.090896452,Frozen Foods,231.2984,OUT035,2004,Small,Tier 2,Supermarket Type1,6024.1584
FDR04,7.075,Low Fat,0.022602061,Frozen Foods,98.1068,OUT049,1999,Medium,Tier 1,Supermarket Type1,1458.102
FDC53,8.68,Low Fat,0.008828341,Frozen Foods,99.9384,OUT013,1987,High,Tier 3,Supermarket Type1,689.7688
FDF41,12.15,Low Fat,0.131179812,Frozen Foods,245.246,OUT046,1997,Small,Tier 1,Supermarket Type1,3202.498
FDG52,NA,Low Fat,0.065313024,Frozen Foods,47.1402,OUT027,1985,Medium,Tier 3,Supermarket Type3,1516.0266
FDD29,12.15,Low Fat,0.018514652,Frozen Foods,252.7698,OUT017,2007,NA,Tier 2,Supermarket Type1,5834.4054
FDW28,18.25,Low Fat,0.089186083,Frozen Foods,194.3452,OUT018,2009,Medium,Tier 3,Supermarket Type2,4502.1396
FDR52,NA,Regular,0.075676339,Frozen Foods,190.4846,OUT027,1985,Medium,Tier 3,Supermarket Type3,8789.8916
FDP52,18.7,reg,0.070691729,Frozen Foods,230.201,OUT046,1997,Small,Tier 1,Supermarket Type1,5742.525
FDG04,13.1,Low Fat,0.006087409,Frozen Foods,185.0898,OUT018,2009,Medium,Tier 3,Supermarket Type2,1870.898
FDA52,NA,Regular,0.127800388,Frozen Foods,177.037,OUT027,1985,Medium,Tier 3,Supermarket Type3,4587.362
FDW52,14,Regular,0.037580877,Frozen Foods,162.6526,OUT049,1999,Medium,Tier 1,Supermarket Type1,4275.7676
FDE16,8.895,Low Fat,0.026492726,Frozen Foods,208.4954,OUT017,2007,NA,Tier 2,Supermarket Type1,6251.862
FDE53,10.895,Low Fat,0.026934673,Frozen Foods,106.128,OUT045,2002,NA,Tier 2,Supermarket Type1,319.584
FDX52,11.5,Regular,0.042173667,Frozen Foods,194.682,OUT018,2009,Medium,Tier 3,Supermarket Type2,2316.984
FDS52,8.89,Low Fat,0.005496816,Frozen Foods,102.8016,OUT018,2009,Medium,Tier 3,Supermarket Type2,1012.016
FDX52,NA,Regular,0.073541072,Frozen Foods,192.282,OUT019,1985,Small,Tier 1,Grocery Store,386.164
FDD29,12.15,Low Fat,0.018410515,Frozen Foods,252.1698,OUT046,1997,Small,Tier 1,Supermarket Type1,2283.0282
FDD41,6.765,Regular,0.087187488,Frozen Foods,105.5306,OUT013,1987,High,Tier 3,Supermarket Type1,1567.959
FDM04,9.195,Regular,0.047081398000000003,Frozen Foods,51.1666,OUT013,1987,High,Tier 3,Supermarket Type1,1179.1318
FDW28,18.25,LF,0.148673586,Frozen Foods,197.2452,OUT010,1998,NA,Tier 3,Grocery Store,195.7452
FDC53,8.68,Low Fat,0.008834023,Frozen Foods,100.0384,OUT035,2004,Small,Tier 2,Supermarket Type1,2266.3832
FDQ40,NA,Regular,0.035853059,Frozen Foods,176.8712,OUT027,1985,Medium,Tier 3,Supermarket Type3,3691.1952
FDK28,NA,Low Fat,0.065272284,Frozen Foods,256.1646,OUT027,1985,Medium,Tier 3,Supermarket Type3,3349.6398
FDQ40,11.1,Regular,0.036174285,Frozen Foods,176.0712,OUT018,2009,Medium,Tier 3,Supermarket Type2,1581.9408
FDI41,18.5,Regular,0.062205112,Frozen Foods,148.3418,OUT013,1987,High,Tier 3,Supermarket Type1,1765.7016
FDW40,14,Regular,0.105125569,Frozen Foods,143.2812,OUT035,2004,Small,Tier 2,Supermarket Type1,3277.0676
FDS52,8.89,Low Fat,0.00547348,Frozen Foods,100.5016,OUT035,2004,Small,Tier 2,Supermarket Type1,1315.6208
FDX52,11.5,Regular,0.042087749,Frozen Foods,192.682,OUT045,2002,NA,Tier 2,Supermarket Type1,3861.64
FDY16,NA,Regular,0.091780142,Frozen Foods,182.5266,OUT027,1985,Medium,Tier 3,Supermarket Type3,6454.931
FDV40,17.35,Low Fat,0.014721579,Frozen Foods,73.1038,OUT045,2002,NA,Tier 2,Supermarket Type1,886.8456
FDD29,12.15,Low Fat,0.018439138,Frozen Foods,254.7698,OUT049,1999,Medium,Tier 1,Supermarket Type1,5073.396
FDX04,NA,Regular,0.041370245,Frozen Foods,46.2376,OUT027,1985,Medium,Tier 3,Supermarket Type3,814.9392
FDT28,13.3,Low Fat,0.063925726,Frozen Foods,151.8708,OUT017,2007,NA,Tier 2,Supermarket Type1,1655.1788
FDU52,NA,Low Fat,0.111654545,Frozen Foods,157.063,OUT019,1985,Small,Tier 1,Grocery Store,312.926
FDT16,9.895,Regular,0.048738014,Frozen Foods,262.1278,OUT049,1999,Medium,Tier 1,Supermarket Type1,3904.917
FDK52,18.25,LF,0.079342006,Frozen Foods,226.0062,OUT049,1999,Medium,Tier 1,Supermarket Type1,1805.6496
FDI41,18.5,Regular,0.062245149,Frozen Foods,145.8418,OUT035,2004,Small,Tier 2,Supermarket Type1,5591.3884
FDW16,17.35,Regular,0.041439718,Frozen Foods,93.7804,OUT013,1987,High,Tier 3,Supermarket Type1,2848.2924
FDM04,9.195,Regular,0.047387144,Frozen Foods,50.8666,OUT017,2007,NA,Tier 2,Supermarket Type1,871.5322
FDT52,9.695,Regular,0.047622786,Frozen Foods,246.2144,OUT018,2009,Medium,Tier 3,Supermarket Type2,3675.216
FDR28,13.85,Regular,0.025891588,Frozen Foods,165.121,OUT035,2004,Small,Tier 2,Supermarket Type1,2936.178
FDJ04,18,Low Fat,0.124428516,Frozen Foods,119.9124,OUT035,2004,Small,Tier 2,Supermarket Type1,948.0992
FDS16,15.15,Regular,0.066446521,Frozen Foods,147.976,OUT018,2009,Medium,Tier 3,Supermarket Type2,732.38
FDZ04,9.31,Low Fat,0.038032068,Frozen Foods,61.351,OUT045,2002,NA,Tier 2,Supermarket Type1,822.263
FDC29,8.39,reg,0.024185517,Frozen Foods,115.7176,OUT013,1987,High,Tier 3,Supermarket Type1,1374.2112
FDO16,5.48,Low Fat,0.015138834,Frozen Foods,81.925,OUT045,2002,NA,Tier 2,Supermarket Type1,3079.325
FDJ16,9.195,Low Fat,0.115535487,Frozen Foods,59.5246,OUT017,2007,NA,Tier 2,Supermarket Type1,810.9444
FDF04,17.5,LF,0.013692598,Frozen Foods,259.7304,OUT018,2009,Medium,Tier 3,Supermarket Type2,3616.6256
FDM28,15.7,Low Fat,0.045274134,Frozen Foods,177.966,OUT049,1999,Medium,Tier 1,Supermarket Type1,3415.554
FDW16,NA,Regular,0.041273391,Frozen Foods,91.6804,OUT027,1985,Medium,Tier 3,Supermarket Type3,3858.9768
FDI04,13.65,Regular,0.072912432,Frozen Foods,198.4426,OUT046,1997,Small,Tier 1,Supermarket Type1,5536.7928
FDG16,15.25,Low Fat,0.089998959,Frozen Foods,215.1192,OUT045,2002,NA,Tier 2,Supermarket Type1,2157.192
FDW04,8.985,reg,0.057944376,Frozen Foods,131.531,OUT045,2002,NA,Tier 2,Supermarket Type1,1428.141
FDE41,9.195,Regular,0.064113698,Frozen Foods,86.5566,OUT049,1999,Medium,Tier 1,Supermarket Type1,1183.7924
FDV16,7.75,reg,0.083268523,Frozen Foods,32.9558,OUT018,2009,Medium,Tier 3,Supermarket Type2,101.8674
FDF29,15.1,Regular,0.019930418,Frozen Foods,131.531,OUT035,2004,Small,Tier 2,Supermarket Type1,2856.282
FDI28,14.3,Low Fat,0.026321701,Frozen Foods,77.6302,OUT046,1997,Small,Tier 1,Supermarket Type1,950.7624
FDK16,9.065,Low Fat,0.115563679,Frozen Foods,96.0094,OUT045,2002,NA,Tier 2,Supermarket Type1,1713.7692
FDH04,6.115,Regular,0.011419301,Frozen Foods,91.0488,OUT018,2009,Medium,Tier 3,Supermarket Type2,1629.8784
FDK40,7.035,LF,0.021883368,Frozen Foods,263.791,OUT049,1999,Medium,Tier 1,Supermarket Type1,4996.829
FDH53,20.5,Regular,0.019277945,Frozen Foods,82.8592,OUT018,2009,Medium,Tier 3,Supermarket Type2,1733.7432
FDJ41,6.85,Low Fat,0.03830192,Frozen Foods,261.2594,OUT010,1998,NA,Tier 3,Grocery Store,1046.6376
FDW28,NA,Low Fat,0.088394115,Frozen Foods,194.7452,OUT027,1985,Medium,Tier 3,Supermarket Type3,5872.356
FDZ40,8.935,Low Fat,0.040245222,Frozen Foods,54.9298,OUT049,1999,Medium,Tier 1,Supermarket Type1,1348.245
FDY52,6.365,Low Fat,0.007359711,Frozen Foods,60.1536,OUT049,1999,Medium,Tier 1,Supermarket Type1,490.0288
FDT16,9.895,Regular,0.048860587,Frozen Foods,260.2278,OUT018,2009,Medium,Tier 3,Supermarket Type2,4165.2448
FDG04,13.1,Low Fat,0.006061565,Frozen Foods,188.9898,OUT035,2004,Small,Tier 2,Supermarket Type1,4303.0654
FDI28,NA,Low Fat,0.026194237,Frozen Foods,79.0302,OUT027,1985,Medium,Tier 3,Supermarket Type3,1901.5248
FDC53,8.68,Low Fat,0.01478914,Frozen Foods,97.7384,OUT010,1998,NA,Tier 3,Grocery Store,98.5384
FDI28,14.3,Low Fat,0.026299797,Frozen Foods,79.4302,OUT013,1987,High,Tier 3,Supermarket Type1,1743.0644
FDT40,NA,Low Fat,0.095331433,Frozen Foods,125.5678,OUT027,1985,Medium,Tier 3,Supermarket Type3,2543.356
FDR28,13.85,Regular,0.025936747,Frozen Foods,164.921,OUT049,1999,Medium,Tier 1,Supermarket Type1,2609.936
FDO52,11.6,Regular,0.077284566,Frozen Foods,172.4106,OUT049,1999,Medium,Tier 1,Supermarket Type1,4277.765
FDQ16,19.7,LF,0.041823046,Frozen Foods,108.0912,OUT045,2002,NA,Tier 2,Supermarket Type1,1965.4416
FDU28,NA,Regular,0.093463546,Frozen Foods,189.1214,OUT027,1985,Medium,Tier 3,Supermarket Type3,2261.0568
FDD28,10.695,Low Fat,0.053296868,Frozen Foods,59.6904,OUT046,1997,Small,Tier 1,Supermarket Type1,937.4464
FDD53,16.2,Low Fat,0.044472637,Frozen Foods,43.3454,OUT017,2007,NA,Tier 2,Supermarket Type1,922.7988
FDS40,NA,Low Fat,0.024546148,Frozen Foods,34.619,OUT019,1985,Small,Tier 1,Grocery Store,36.619
FDI53,8.895,Regular,0.137618927,Frozen Foods,161.5236,OUT035,2004,Small,Tier 2,Supermarket Type1,1772.3596
FDF28,15.7,Regular,0.037864721,Frozen Foods,124.1046,OUT046,1997,Small,Tier 1,Supermarket Type1,1120.5414
FDN28,5.88,Regular,0.030294931,Frozen Foods,104.099,OUT049,1999,Medium,Tier 1,Supermarket Type1,412.796
FDB05,5.155,Low Fat,0.083327693,Frozen Foods,247.2776,OUT049,1999,Medium,Tier 1,Supermarket Type1,5944.2624
FDX28,6.325,Low Fat,0.125688044,Frozen Foods,100.9042,OUT018,2009,Medium,Tier 3,Supermarket Type2,2083.2882
FDY40,15.5,Regular,0.085834992,Frozen Foods,49.6692,OUT046,1997,Small,Tier 1,Supermarket Type1,788.3072
FDK28,5.695,Low Fat,0.065589906,Frozen Foods,258.2646,OUT046,1997,Small,Tier 1,Supermarket Type1,5410.9566
FDR16,5.845,Regular,0.105181277,Frozen Foods,214.4218,OUT049,1999,Medium,Tier 1,Supermarket Type1,5343.045
FDZ52,19.2,Low Fat,0.100074524,Frozen Foods,110.2886,OUT046,1997,Small,Tier 1,Supermarket Type1,778.3202
FDG04,13.1,Low Fat,0.006075007,Frozen Foods,187.5898,OUT045,2002,NA,Tier 2,Supermarket Type1,2432.1674
FDR04,7.075,Low Fat,0.022612742,Frozen Foods,97.0068,OUT045,2002,NA,Tier 2,Supermarket Type1,1944.136
FDF52,9.3,LF,0.066770664,Frozen Foods,180.5292,OUT035,2004,Small,Tier 2,Supermarket Type1,2189.1504
FDH17,16.2,Regular,0.016639482,Frozen Foods,95.8726,OUT013,1987,High,Tier 3,Supermarket Type1,1076.5986
FDW16,17.35,Regular,0.041474232,Frozen Foods,93.0804,OUT046,1997,Small,Tier 1,Supermarket Type1,826.9236
FDG05,11,Regular,0.087847141,Frozen Foods,156.863,OUT046,1997,Small,Tier 1,Supermarket Type1,2972.797
FDC17,NA,Low Fat,0.015385857,Frozen Foods,208.9928,OUT027,1985,Medium,Tier 3,Supermarket Type3,9678.0688
FDV04,7.825,Regular,0.149986868,Frozen Foods,158.8288,OUT035,2004,Small,Tier 2,Supermarket Type1,1414.1592
FDH53,20.5,Regular,0.019183756,Frozen Foods,83.7592,OUT013,1987,High,Tier 3,Supermarket Type1,1403.5064
FDH16,10.5,Low Fat,0.052511611,Frozen Foods,90.783,OUT013,1987,High,Tier 3,Supermarket Type1,1258.362
FDU40,20.85,Low Fat,0.037403973,Frozen Foods,192.5478,OUT046,1997,Small,Tier 1,Supermarket Type1,2906.217
FDF04,NA,Low Fat,0.023876708,Frozen Foods,258.6304,OUT019,1985,Small,Tier 1,Grocery Store,516.6608
FDX16,17.85,Low Fat,0.065797601,Frozen Foods,147.805,OUT035,2004,Small,Tier 2,Supermarket Type1,1947.465
FDX04,19.6,Regular,0.041563696,Frozen Foods,47.6376,OUT035,2004,Small,Tier 2,Supermarket Type1,335.5632
FDP40,4.555,Regular,0.034328578,Frozen Foods,110.1544,OUT013,1987,High,Tier 3,Supermarket Type1,1230.3984
FDV52,20.7,Regular,0.121709653,Frozen Foods,119.7466,OUT049,1999,Medium,Tier 1,Supermarket Type1,2003.3922
FDH17,16.2,Regular,0.016650191,Frozen Foods,97.4726,OUT035,2004,Small,Tier 2,Supermarket Type1,1174.4712
FDG53,10,Low Fat,0.046116319,Frozen Foods,141.818,OUT017,2007,NA,Tier 2,Supermarket Type1,838.908
FDF29,15.1,Regular,0.019917598,Frozen Foods,129.431,OUT013,1987,High,Tier 3,Supermarket Type1,3505.437
FDH16,10.5,Low Fat,0.052555346,Frozen Foods,89.683,OUT046,1997,Small,Tier 1,Supermarket Type1,988.713
FDG53,10,Low Fat,0.076755106,Frozen Foods,141.618,OUT010,1998,NA,Tier 3,Grocery Store,139.818
FDA28,16.1,Regular,0.080010553,Frozen Foods,124.2362,OUT010,1998,NA,Tier 3,Grocery Store,377.5086
FDL40,NA,Low Fat,0.011556919,Frozen Foods,94.741,OUT027,1985,Medium,Tier 3,Supermarket Type3,1641.197
FDD17,7.5,Low Fat,0.032599801,Frozen Foods,238.1906,OUT013,1987,High,Tier 3,Supermarket Type1,3327.6684
FDD17,7.5,Low Fat,0.03269312,Frozen Foods,238.7906,OUT045,2002,NA,Tier 2,Supermarket Type1,4040.7402
FDO16,5.48,Low Fat,0.015169739,Frozen Foods,82.225,OUT018,2009,Medium,Tier 3,Supermarket Type2,2247.075
FDH04,NA,Regular,0.019912606,Frozen Foods,91.0488,OUT019,1985,Small,Tier 1,Grocery Store,271.6464
FDM04,9.195,Regular,0.04719387,Frozen Foods,52.8666,OUT049,1999,Medium,Tier 1,Supermarket Type1,1384.1982
FDQ52,17,Low Fat,0.119871307,Frozen Foods,248.3434,OUT018,2009,Medium,Tier 3,Supermarket Type2,6208.585
FDR16,5.845,Regular,0.104998144,Frozen Foods,213.2218,OUT035,2004,Small,Tier 2,Supermarket Type1,7266.5412
FDH16,NA,Low Fat,0.052300844,Frozen Foods,88.283,OUT027,1985,Medium,Tier 3,Supermarket Type3,2157.192
FDI28,14.3,Low Fat,0.026362624,Frozen Foods,78.3302,OUT049,1999,Medium,Tier 1,Supermarket Type1,1267.6832
FDR52,12.65,Regular,0.075981306,Frozen Foods,192.3846,OUT013,1987,High,Tier 3,Supermarket Type1,1910.846
FDF52,NA,Low Fat,0.116928924,Frozen Foods,183.3292,OUT019,1985,Small,Tier 1,Grocery Store,364.8584
FDV04,NA,Regular,0.149288779,Frozen Foods,158.4288,OUT027,1985,Medium,Tier 3,Supermarket Type3,2985.4472
FDA52,16.2,reg,0.128621941,Frozen Foods,175.537,OUT049,1999,Medium,Tier 1,Supermarket Type1,3528.74
FDF04,17.5,Low Fat,0.013637046,Frozen Foods,258.5304,OUT046,1997,Small,Tier 1,Supermarket Type1,6199.9296
FDB53,NA,Low Fat,0.138777108,Frozen Foods,147.5392,OUT027,1985,Medium,Tier 3,Supermarket Type3,5219.872
FDX16,17.85,Low Fat,0.110152524,Frozen Foods,150.205,OUT010,1998,NA,Tier 3,Grocery Store,149.805
FDI04,NA,Regular,0.072559351,Frozen Foods,199.3426,OUT027,1985,Medium,Tier 3,Supermarket Type3,3757.1094
FDI40,11.5,Regular,0.125602951,Frozen Foods,100.8358,OUT046,1997,Small,Tier 1,Supermarket Type1,2111.2518
FDR04,NA,Low Fat,0.022457694,Frozen Foods,98.6068,OUT027,1985,Medium,Tier 3,Supermarket Type3,2430.17
FDJ41,6.85,Low Fat,0.023012718,Frozen Foods,262.0594,OUT017,2007,NA,Tier 2,Supermarket Type1,1569.9564
FDS28,8.18,Regular,0.082386011,Frozen Foods,56.6588,OUT035,2004,Small,Tier 2,Supermarket Type1,687.1056
FDO28,5.765,Low Fat,0.072410764,Frozen Foods,122.5098,OUT049,1999,Medium,Tier 1,Supermarket Type1,1084.5882
FDG16,15.25,Low Fat,0.090324849,Frozen Foods,214.4192,OUT017,2007,NA,Tier 2,Supermarket Type1,4961.5416
FDJ52,7.145,Low Fat,0.017783501,Frozen Foods,159.4578,OUT035,2004,Small,Tier 2,Supermarket Type1,3209.156
FDJ53,10.5,Low Fat,0.071660976,Frozen Foods,119.7098,OUT017,2007,NA,Tier 2,Supermarket Type1,2410.196
FDG40,13.65,Low Fat,0.066657791,Frozen Foods,32.6558,OUT010,1998,NA,Tier 3,Grocery Store,67.9116
FDA52,16.2,Regular,0.128315409,Frozen Foods,178.137,OUT013,1987,High,Tier 3,Supermarket Type1,3881.614
FDA28,16.1,Regular,0.047792845,Frozen Foods,126.1362,OUT035,2004,Small,Tier 2,Supermarket Type1,3271.7412
FDU40,20.85,Low Fat,0.037556341,Frozen Foods,195.3478,OUT018,2009,Medium,Tier 3,Supermarket Type2,1937.478
FDG41,8.84,Regular,0.076995176,Frozen Foods,112.0228,OUT017,2007,NA,Tier 2,Supermarket Type1,1215.7508
FDT52,9.695,Regular,0.047429578,Frozen Foods,245.8144,OUT046,1997,Small,Tier 1,Supermarket Type1,3430.2016
FDD28,NA,Low Fat,0.053038775,Frozen Foods,59.5904,OUT027,1985,Medium,Tier 3,Supermarket Type3,1640.5312
FDH28,15.85,Regular,0.110254143,Frozen Foods,37.3506,OUT045,2002,NA,Tier 2,Supermarket Type1,341.5554
FDH41,NA,Low Fat,0.081614376,Frozen Foods,214.7534,OUT027,1985,Medium,Tier 3,Supermarket Type3,5806.4418
FDP16,18.6,Low Fat,0.039454924,Frozen Foods,244.0802,OUT018,2009,Medium,Tier 3,Supermarket Type2,3193.8426
FDC41,15.6,Low Fat,0.116815953,Frozen Foods,75.567,OUT013,1987,High,Tier 3,Supermarket Type1,1684.474
FDF04,17.5,Low Fat,0.013714183,Frozen Foods,259.2304,OUT017,2007,NA,Tier 2,Supermarket Type1,2841.6344
FDO52,11.6,Regular,0.077100381,Frozen Foods,172.4106,OUT013,1987,High,Tier 3,Supermarket Type1,1539.9954
FDG40,13.65,Low Fat,0.039824346,Frozen Foods,32.8558,OUT046,1997,Small,Tier 1,Supermarket Type1,645.1602
FDG52,13.65,Low Fat,0.065618434,Frozen Foods,47.6402,OUT035,2004,Small,Tier 2,Supermarket Type1,459.402
FDJ40,13.6,Regular,0.049547993,Frozen Foods,108.6912,OUT013,1987,High,Tier 3,Supermarket Type1,2402.2064
FDD41,6.765,Regular,0.08739577,Frozen Foods,105.3306,OUT049,1999,Medium,Tier 1,Supermarket Type1,836.2448
FDU28,19.2,Regular,0.09391835,Frozen Foods,189.8214,OUT046,1997,Small,Tier 1,Supermarket Type1,942.107
FDE04,19.75,Regular,0.018019662,Frozen Foods,181.566,OUT035,2004,Small,Tier 2,Supermarket Type1,2876.256
FDO28,NA,Low Fat,0.071948252,Frozen Foods,121.6098,OUT027,1985,Medium,Tier 3,Supermarket Type3,482.0392
FDT04,17.25,Low Fat,0.107258822,Frozen Foods,40.1822,OUT045,2002,NA,Tier 2,Supermarket Type1,510.6686
FDC28,7.905,Low Fat,0.054986919,Frozen Foods,108.6254,OUT046,1997,Small,Tier 1,Supermarket Type1,1844.9318
FDB17,13.15,Low Fat,0.036672107,Frozen Foods,182.5976,OUT046,1997,Small,Tier 1,Supermarket Type1,4165.2448
FDC05,13.1,Regular,0.099343352,Frozen Foods,198.1768,OUT017,2007,NA,Tier 2,Supermarket Type1,1970.768
FDZ28,20,Regular,0.051702257,Frozen Foods,125.8678,OUT018,2009,Medium,Tier 3,Supermarket Type2,763.0068
FDN28,5.88,Regular,0.030242184,Frozen Foods,101.799,OUT035,2004,Small,Tier 2,Supermarket Type1,515.995
FDF05,17.5,Low Fat,0.026980351,Frozen Foods,262.591,OUT018,2009,Medium,Tier 3,Supermarket Type2,4207.856
FDF53,20.75,reg,0.083606565,Frozen Foods,178.8318,OUT046,1997,Small,Tier 1,Supermarket Type1,3608.636
