code,rep,win,n_cards_played,n_suns_played,owl_score,n_owls_left
ZH,8,TRUE,24,8,0,0
TV,2,TRUE,33,9,0,0
IZ,5,FALSE,40,13,18,4
DC,5,TRUE,37,11,0,0
ZY,3,TRUE,28,10,0,0
IC,1,TRUE,32,8,0,0
ZH,7,TRUE,26,7,0,0
UD,10,FALSE,34,13,15,5
SK,2,TRUE,24,7,0,0
HG,7,FALSE,37,13,17,3
GV,2,TRUE,16,6,0,0
JC,9,FALSE,30,13,24,5
OL,6,TRUE,30,10,0,0
VR,10,FALSE,35,13,30,5
KC,7,FALSE,38,13,93,6
QD,9,TRUE,22,10,0,0
KF,6,FALSE,32,13,104,5
RE,3,TRUE,10,3,0,0
HS,1,TRUE,38,10,0,0
DL,9,FALSE,31,13,42,4
IC,4,TRUE,25,8,0,0
ZQ,2,TRUE,39,11,0,0
LW,4,FALSE,37,13,81,5
PW,1,TRUE,10,1,0,0
RV,2,TRUE,34,11,0,0
TG,1,TRUE,28,10,0,0
VO,5,TRUE,14,6,0,0
ZA,5,FALSE,32,13,48,6
KN,5,TRUE,27,8,0,0
VK,1,TRUE,14,5,0,0
WY,1,FALSE,39,13,3,2
RX,9,FALSE,38,13,22,2
KG,9,TRUE,15,5,0,0
VA,3,TRUE,13,4,0,0
HF,5,FALSE,37,13,65,4
KU,8,FALSE,34,13,25,4
FO,6,FALSE,36,13,53,6
IR,2,TRUE,16,6,0,0
YC,2,FALSE,33,13,2,1
VF,4,FALSE,21,13,31,3
XD,1,TRUE,24,10,0,0
UR,10,TRUE,17,5,0,0
WW,1,FALSE,32,13,37,3
ER,10,TRUE,20,5,0,0
TP,3,FALSE,46,13,31,2
KC,4,FALSE,32,13,84,6
GL,5,FALSE,32,13,1,1
TX,8,TRUE,35,12,0,0
AH,5,FALSE,32,13,25,4
KF,4,FALSE,32,13,101,5
NZ,1,FALSE,42,13,74,5
NZ,7,FALSE,42,13,108,5
WH,6,FALSE,36,13,84,4
EV,1,TRUE,33,11,0,0
ZY,1,TRUE,26,9,0,0
DL,2,TRUE,31,10,0,0
WO,5,TRUE,18,5,0,0
RL,9,FALSE,30,13,2,1
WC,10,TRUE,37,11,0,0
KH,7,FALSE,36,13,53,6
DH,7,FALSE,34,13,69,6
KA,7,FALSE,44,13,1,1
YG,9,TRUE,20,8,0,0
SO,1,TRUE,21,11,0,0
JP,9,FALSE,37,13,88,5
DK,8,TRUE,27,11,0,0
SW,6,FALSE,29,13,86,5
RE,2,TRUE,9,2,0,0
FT,8,FALSE,36,13,14,1
FJ,2,TRUE,40,12,0,0
JP,1,FALSE,42,13,85,5
HR,3,TRUE,30,8,0,0
JX,9,TRUE,25,10,0,0
EV,7,FALSE,30,13,19,5
RB,2,TRUE,35,7,0,0
WC,4,FALSE,40,13,8,1
YX,3,FALSE,40,13,24,6
VO,2,TRUE,14,6,0,0
IU,8,TRUE,36,12,0,0
IS,5,FALSE,36,13,6,3
SC,8,FALSE,45,13,85,5
WI,2,TRUE,41,11,0,0
JL,4,FALSE,41,13,70,5
BM,3,FALSE,45,13,27,2
PF,10,FALSE,42,13,5,2
JE,9,TRUE,23,9,0,0
XX,6,TRUE,30,9,0,0
ZA,4,FALSE,40,13,4,2
DS,10,TRUE,29,9,0,0
RB,6,TRUE,45,12,0,0
KF,5,FALSE,37,13,53,5
OV,1,TRUE,25,11,0,0
VT,3,TRUE,13,5,0,0
RG,9,FALSE,28,13,14,3
MK,1,TRUE,12,4,0,0
GV,10,TRUE,15,5,0,0
EK,2,TRUE,18,8,0,0
ZH,10,TRUE,23,6,0,0
VR,3,FALSE,37,13,55,6
CY,2,FALSE,42,13,11,4
CK,5,FALSE,40,13,29,4
XD,3,TRUE,28,8,0,0
FG,4,TRUE,31,8,0,0
JP,6,FALSE,34,13,121,6
ZB,5,TRUE,27,9,0,0
SC,9,FALSE,39,13,87,6
OE,1,TRUE,37,11,0,0
IE,1,FALSE,37,13,110,6
DK,10,TRUE,18,7,0,0
"NA",8,FALSE,36,13,120,6
OE,7,TRUE,42,12,0,0
ZM,1,FALSE,37,13,20,4
OL,9,TRUE,33,11,0,0
JL,10,FALSE,43,13,53,3
CD,7,TRUE,30,11,0,0
LW,6,FALSE,39,13,61,5
II,9,TRUE,18,9,0,0
CV,1,FALSE,41,13,27,5
HR,6,FALSE,32,13,25,5
ZA,6,TRUE,41,12,0,0
SO,6,TRUE,15,6,0,0
ZB,8,TRUE,28,10,0,0
VH,2,TRUE,23,7,0,0
TV,6,TRUE,35,10,0,0
EK,5,TRUE,16,5,0,0
GH,9,FALSE,36,13,2,1
BM,1,FALSE,32,13,68,4
KH,9,FALSE,32,13,67,6
DT,6,TRUE,31,12,0,0
WY,10,FALSE,32,13,38,6
MB,4,TRUE,21,9,0,0
DK,7,TRUE,21,7,0,0
OE,4,TRUE,35,11,0,0
HH,5,FALSE,32,13,39,3
DC,3,TRUE,41,12,0,0
OF,9,TRUE,21,7,0,0
DH,3,FALSE,27,13,96,6
NF,10,FALSE,35,13,118,6
ZD,9,TRUE,13,5,0,0
FO,9,FALSE,36,13,66,6
SD,8,TRUE,17,9,0,0
RV,8,FALSE,41,13,1,1
TG,6,TRUE,25,9,0,0
HR,9,TRUE,35,12,0,0
FC,6,TRUE,30,10,0,0
CY,7,FALSE,43,13,10,4
NY,9,FALSE,34,13,29,4
TX,1,FALSE,24,13,40,4
YG,5,TRUE,25,11,0,0
QD,8,TRUE,17,6,0,0
"NA",1,FALSE,37,13,120,6
BX,6,TRUE,20,5,0,0
WY,6,FALSE,42,13,1,1
CY,10,FALSE,32,13,65,6
PT,3,FALSE,35,13,102,6
SW,8,FALSE,38,13,16,4
YF,3,TRUE,32,10,0,0
DS,7,TRUE,34,11,0,0
VH,5,TRUE,25,9,0,0
ZY,10,TRUE,26,10,0,0
OZ,2,FALSE,25,13,106,5
VJ,10,TRUE,27,9,0,0
HK,9,FALSE,40,13,26,5
CV,5,FALSE,43,13,24,6
FS,6,TRUE,37,12,0,0
VT,9,TRUE,13,5,0,0
NY,3,FALSE,31,13,53,5
BJ,5,TRUE,36,12,0,0
QG,2,TRUE,19,3,0,0
MK,5,TRUE,12,4,0,0
TP,5,FALSE,42,13,26,2
ZB,7,TRUE,31,12,0,0
UD,2,FALSE,36,13,15,5
PL,2,TRUE,30,7,0,0
UD,6,FALSE,31,13,45,6
VA,8,TRUE,14,5,0,0
AM,7,TRUE,23,9,0,0
OV,2,FALSE,35,13,2,1
YR,10,TRUE,40,10,0,0
SK,6,TRUE,23,7,0,0
UR,4,TRUE,13,4,0,0
ZB,9,TRUE,23,7,0,0
KA,1,TRUE,40,11,0,0
AH,8,FALSE,40,13,1,1
FT,6,FALSE,35,13,6,1
UR,8,TRUE,14,2,0,0
IR,5,TRUE,20,8,0,0
KN,8,TRUE,25,8,0,0
FC,4,TRUE,28,8,0,0
KA,9,TRUE,37,9,0,0
FS,1,TRUE,25,9,0,0
OL,3,TRUE,30,11,0,0
QG,8,TRUE,16,3,0,0
DC,1,FALSE,40,13,1,1
VR,7,TRUE,42,12,0,0
CA,2,TRUE,23,7,0,0
OF,4,TRUE,20,6,0,0
KH,1,FALSE,36,13,36,5
FO,3,FALSE,36,13,56,6
EB,9,FALSE,40,13,1,1
FJ,7,TRUE,41,12,0,0
XN,5,TRUE,30,8,0,0
LW,1,FALSE,36,13,78,5
RE,4,TRUE,16,8,0,0
MZ,1,TRUE,20,10,0,0
ZL,5,TRUE,14,6,0,0
JX,5,TRUE,29,12,0,0
PW,7,TRUE,21,6,0,0
TX,2,FALSE,32,13,3,2
WB,1,TRUE,17,6,0,0
KG,2,TRUE,12,5,0,0
GZ,10,FALSE,40,13,1,1
OZ,10,FALSE,30,13,67,5
NB,4,FALSE,35,13,34,4
CY,8,FALSE,44,13,12,3
CA,10,TRUE,28,12,0,0
YR,2,TRUE,43,12,0,0
WK,10,TRUE,25,8,0,0
TV,10,TRUE,35,11,0,0
FG,10,FALSE,36,13,3,2
SW,1,FALSE,39,13,23,4
VH,3,TRUE,26,9,0,0
FA,10,FALSE,45,13,71,6
ZH,9,TRUE,25,7,0,0
TP,7,FALSE,43,13,10,2
VF,1,FALSE,30,13,1,1
WO,6,TRUE,17,5,0,0
XW,1,TRUE,20,9,0,0
RG,10,TRUE,22,6,0,0
LS,7,FALSE,31,13,68,4
IU,5,TRUE,28,8,0,0
IS,3,FALSE,30,13,42,6
DT,8,TRUE,34,12,0,0
DU,8,FALSE,42,13,22,1
LW,7,FALSE,32,13,77,5
VF,10,FALSE,31,13,1,1
JE,5,TRUE,17,3,0,0
CA,8,TRUE,28,9,0,0
OX,7,TRUE,21,6,0,0
OX,6,TRUE,17,6,0,0
GL,3,FALSE,35,13,3,2
BX,7,TRUE,25,6,0,0
LT,2,TRUE,22,8,0,0
NW,5,FALSE,35,13,9,3
LQ,6,TRUE,33,12,0,0
XD,5,FALSE,32,13,11,1
II,8,TRUE,13,6,0,0
AH,4,TRUE,36,9,0,0
BF,4,TRUE,31,11,0,0
IZ,7,FALSE,42,13,7,2
KH,4,FALSE,31,13,86,6
VT,8,TRUE,12,5,0,0
II,7,TRUE,16,9,0,0
RB,7,FALSE,41,13,6,3
HK,3,TRUE,37,10,0,0
RG,3,TRUE,32,11,0,0
AM,8,TRUE,22,7,0,0
HS,8,TRUE,41,12,0,0
ZD,2,TRUE,12,4,0,0
ZL,4,TRUE,8,1,0,0
CA,1,TRUE,28,9,0,0
GV,7,TRUE,19,6,0,0
TG,3,TRUE,24,7,0,0
TG,4,TRUE,31,11,0,0
EV,3,FALSE,30,13,19,5
RX,10,FALSE,38,13,8,1
YW,2,FALSE,34,13,50,5
KA,10,FALSE,33,13,52,5
NV,8,TRUE,25,6,0,0
CY,3,FALSE,41,13,28,5
WB,4,TRUE,15,6,0,0
ZA,10,FALSE,34,13,48,6
RV,10,FALSE,36,13,1,1
VY,4,TRUE,22,8,0,0
ZM,3,TRUE,30,10,0,0
VT,5,TRUE,14,6,0,0
JC,8,TRUE,37,11,0,0
RL,5,FALSE,29,13,1,1
KG,6,TRUE,16,7,0,0
NF,2,FALSE,41,13,68,5
RX,3,FALSE,37,13,16,1
CA,6,TRUE,31,12,0,0
DU,2,FALSE,39,13,22,2
VR,9,FALSE,36,13,46,5
HG,5,FALSE,36,13,35,4
NF,4,FALSE,38,13,117,5
LF,8,TRUE,36,10,0,0
RX,6,FALSE,35,13,36,3
VA,1,TRUE,13,5,0,0
MZ,4,TRUE,18,8,0,0
DP,2,TRUE,16,3,0,0
VK,7,TRUE,12,2,0,0
VW,2,FALSE,43,13,18,3
TV,8,TRUE,34,12,0,0
BM,4,FALSE,35,13,67,4
OX,4,TRUE,23,9,0,0
JX,8,TRUE,23,8,0,0
DL,10,FALSE,39,13,11,3
HF,1,FALSE,40,13,28,4
NV,7,FALSE,29,13,2,1
HI,2,FALSE,38,13,21,3
EK,1,TRUE,21,9,0,0
WK,6,FALSE,33,13,13,3
WH,9,FALSE,42,13,70,4
BU,1,TRUE,27,11,0,0
UR,1,TRUE,14,3,0,0
GZ,8,TRUE,35,12,0,0
WO,8,TRUE,17,5,0,0
PT,7,FALSE,28,13,141,6
XW,5,TRUE,20,9,0,0
UR,7,TRUE,15,6,0,0
XX,2,TRUE,33,11,0,0
BF,1,TRUE,29,7,0,0
RB,3,FALSE,32,13,65,6
CV,6,FALSE,43,13,12,3
MB,3,TRUE,17,8,0,0
BM,2,FALSE,45,13,32,3
UU,3,TRUE,38,11,0,0
VY,2,TRUE,27,9,0,0
KF,8,FALSE,37,13,85,5
RL,3,FALSE,25,13,10,2
ER,6,TRUE,23,9,0,0
FA,4,FALSE,43,13,104,6
UD,8,FALSE,30,13,41,6
UR,5,TRUE,14,6,0,0
VT,2,TRUE,16,5,0,0
YX,4,FALSE,41,13,10,4
VY,6,TRUE,25,9,0,0
FC,2,TRUE,23,5,0,0
IC,8,TRUE,34,12,0,0
ZB,6,TRUE,27,10,0,0
IC,2,TRUE,29,10,0,0
NW,6,TRUE,32,8,0,0
HH,8,FALSE,36,13,59,4
PZ,8,TRUE,25,11,0,0
"NA",3,FALSE,33,13,114,6
FO,2,FALSE,35,13,54,6
EV,8,FALSE,31,13,24,5
FA,9,FALSE,44,13,69,6
LT,10,TRUE,14,7,0,0
RX,5,FALSE,33,13,15,1
DL,7,FALSE,36,13,8,3
CD,1,TRUE,19,4,0,0
ZN,3,TRUE,34,11,0,0
XN,6,TRUE,32,10,0,0
OE,6,FALSE,30,13,50,4
GH,10,TRUE,30,9,0,0
EO,4,FALSE,40,13,3,1
ZM,2,TRUE,39,12,0,0
AM,2,TRUE,20,8,0,0
UR,9,TRUE,16,7,0,0
FB,8,TRUE,20,3,0,0
PS,6,TRUE,12,5,0,0
TS,7,FALSE,39,13,53,5
SW,9,FALSE,34,13,41,5
UR,2,TRUE,10,3,0,0
II,1,TRUE,16,9,0,0
ZN,5,TRUE,30,7,0,0
RG,7,TRUE,28,8,0,0
SO,4,TRUE,16,7,0,0
IS,2,FALSE,36,13,6,3
VY,9,TRUE,30,12,0,0
WB,10,TRUE,14,5,0,0
FS,10,TRUE,31,9,0,0
XX,9,TRUE,38,12,0,0
CA,3,TRUE,20,5,0,0
JE,10,TRUE,20,5,0,0
XW,2,TRUE,27,12,0,0
KU,7,FALSE,31,13,53,4
YF,2,TRUE,30,9,0,0
AU,8,TRUE,34,12,0,0
WH,10,FALSE,44,13,44,5
KC,2,FALSE,40,13,107,6
TG,2,TRUE,24,7,0,0
MK,2,TRUE,14,6,0,0
VJ,4,TRUE,25,8,0,0
KN,9,TRUE,29,12,0,0
HK,2,FALSE,41,13,2,1
CK,1,FALSE,39,13,76,5
"NA",4,FALSE,27,13,147,6
RV,4,TRUE,40,12,0,0
KA,5,FALSE,39,13,13,3
FB,6,TRUE,24,6,0,0
AM,10,TRUE,19,7,0,0
VK,3,TRUE,19,8,0,0
NV,4,TRUE,28,7,0,0
JL,7,FALSE,41,13,52,3
DS,2,TRUE,29,8,0,0
YQ,7,TRUE,35,12,0,0
YR,7,TRUE,39,10,0,0
FA,6,FALSE,37,13,99,6
KA,8,FALSE,33,13,48,5
WK,8,TRUE,32,10,0,0
WM,10,FALSE,36,13,40,4
RL,7,FALSE,29,13,2,1
VA,2,TRUE,16,6,0,0
MK,4,TRUE,17,9,0,0
IU,7,TRUE,29,10,0,0
FS,9,TRUE,31,10,0,0
YW,8,FALSE,40,13,18,4
OF,7,TRUE,25,9,0,0
VW,9,FALSE,41,13,21,3
KF,2,FALSE,32,13,90,5
ZM,9,TRUE,31,9,0,0
WC,7,FALSE,35,13,34,3
CD,8,TRUE,23,6,0,0
TG,5,TRUE,26,8,0,0
PS,7,TRUE,13,5,0,0
XW,3,TRUE,20,9,0,0
DS,9,TRUE,37,11,0,0
NW,3,TRUE,32,8,0,0
RL,2,TRUE,31,12,0,0
WK,4,TRUE,34,12,0,0
EK,10,TRUE,20,9,0,0
SD,9,TRUE,20,10,0,0
PW,4,TRUE,17,6,0,0
KH,2,FALSE,33,13,45,6
VO,3,TRUE,15,8,0,0
VK,2,TRUE,18,9,0,0
XN,1,TRUE,32,10,0,0
WI,1,TRUE,39,10,0,0
BU,10,TRUE,14,4,0,0
CK,6,FALSE,46,13,47,3
WW,10,TRUE,40,10,0,0
PT,8,FALSE,26,13,162,6
JE,6,TRUE,20,5,0,0
WY,9,FALSE,37,13,29,6
CA,4,FALSE,24,13,22,2
SV,4,TRUE,14,3,0,0
VW,8,FALSE,43,13,35,3
SD,6,TRUE,13,5,0,0
BJ,1,FALSE,41,13,14,2
NB,5,FALSE,38,13,41,2
SK,3,TRUE,36,12,0,0
HI,1,TRUE,38,11,0,0
HI,9,FALSE,43,13,4,1
AU,3,TRUE,33,11,0,0
IS,6,FALSE,31,13,38,6
NZ,5,FALSE,42,13,99,5
HI,4,FALSE,46,13,1,1
ZM,8,FALSE,35,13,17,3
RE,10,TRUE,12,4,0,0
OX,5,TRUE,22,5,0,0
DS,1,TRUE,33,10,0,0
GH,6,TRUE,36,9,0,0
FC,7,TRUE,24,6,0,0
KN,2,TRUE,23,6,0,0
JE,1,TRUE,25,8,0,0
OF,6,TRUE,19,6,0,0
DC,6,FALSE,34,13,6,3
SK,5,TRUE,27,7,0,0
NK,4,TRUE,40,12,0,0
VJ,2,TRUE,31,9,0,0
WM,6,FALSE,40,13,17,3
ZD,5,TRUE,9,1,0,0
DT,3,FALSE,32,13,12,3
PF,1,FALSE,38,13,11,4
XD,8,TRUE,28,11,0,0
SV,9,TRUE,17,7,0,0
PS,8,TRUE,10,2,0,0
II,3,TRUE,15,7,0,0
JP,3,FALSE,45,13,49,4
YQ,1,TRUE,30,9,0,0
SC,7,FALSE,40,13,74,6
DC,4,FALSE,39,13,4,2
RV,1,TRUE,40,12,0,0
SD,3,TRUE,25,10,0,0
KH,6,FALSE,30,13,91,6
PT,5,FALSE,39,13,106,6
UU,6,FALSE,36,13,14,4
YQ,4,TRUE,38,11,0,0
PS,5,TRUE,11,3,0,0
UU,1,TRUE,43,12,0,0
BX,3,TRUE,24,7,0,0
DU,9,FALSE,39,13,14,2
VO,1,TRUE,14,5,0,0
RE,5,TRUE,14,6,0,0
TX,6,TRUE,29,10,0,0
AU,7,TRUE,32,10,0,0
IZ,10,FALSE,41,13,6,3
KU,3,FALSE,32,13,22,4
VY,5,TRUE,27,10,0,0
DT,10,FALSE,24,13,34,3
UU,10,TRUE,41,11,0,0
SO,5,TRUE,27,12,0,0
CK,8,FALSE,45,13,17,2
YC,10,TRUE,33,12,0,0
HF,3,FALSE,38,13,54,4
OX,1,TRUE,21,8,0,0
EB,3,TRUE,41,12,0,0
FB,5,TRUE,28,9,0,0
OZ,3,FALSE,33,13,50,5
YR,4,FALSE,42,13,3,2
UU,5,FALSE,37,13,1,1
VK,4,TRUE,13,5,0,0
ZL,8,TRUE,8,1,0,0
EO,3,TRUE,29,11,0,0
KN,1,TRUE,27,10,0,0
YF,1,TRUE,31,8,0,0
EB,1,FALSE,37,13,2,1
VF,5,TRUE,27,10,0,0
UU,8,TRUE,38,11,0,0
CK,3,FALSE,47,13,4,1
NB,1,FALSE,39,13,41,4
KG,1,TRUE,10,3,0,0
YJ,8,FALSE,38,13,43,4
YJ,1,FALSE,39,13,76,4
YX,1,FALSE,41,13,23,4
EB,4,TRUE,36,11,0,0
YJ,3,FALSE,32,13,98,5
KG,8,TRUE,13,6,0,0
KC,8,FALSE,37,13,100,6
WO,10,TRUE,20,7,0,0
GH,4,TRUE,29,7,0,0
JL,5,FALSE,37,13,71,5
GV,5,TRUE,16,8,0,0
FG,5,FALSE,35,13,12,4
CK,10,FALSE,40,13,58,4
IR,7,TRUE,19,9,0,0
ZL,1,TRUE,11,4,0,0
KG,5,TRUE,13,5,0,0
XW,4,TRUE,15,6,0,0
YC,7,FALSE,33,13,3,2
CD,3,TRUE,27,7,0,0
DU,7,TRUE,36,11,0,0
OE,8,TRUE,37,10,0,0
JX,6,TRUE,26,9,0,0
TS,5,FALSE,38,13,91,5
QD,2,TRUE,20,9,0,0
AH,3,TRUE,36,10,0,0
IE,8,FALSE,39,13,107,6
MB,5,TRUE,18,6,0,0
EQ,4,FALSE,45,13,17,3
EO,8,TRUE,21,6,0,0
OL,2,FALSE,24,13,30,2
TV,7,TRUE,31,9,0,0
OX,2,TRUE,20,6,0,0
NW,8,TRUE,35,10,0,0
FB,9,TRUE,31,12,0,0
ZY,2,TRUE,29,11,0,0
OZ,6,FALSE,36,13,11,4
TS,4,FALSE,38,13,77,5
EQ,2,FALSE,41,13,28,3
FC,10,TRUE,24,6,0,0
NY,2,FALSE,40,13,13,3
TV,1,TRUE,30,9,0,0
WI,9,FALSE,32,13,53,5
SO,10,TRUE,12,1,0,0
HF,8,FALSE,40,13,22,3
PS,3,TRUE,9,1,0,0
CV,2,FALSE,41,13,17,4
NB,3,FALSE,39,13,36,4
PZ,5,TRUE,20,10,0,0
FS,8,TRUE,27,8,0,0
DT,7,FALSE,36,13,1,1
DU,1,FALSE,41,13,6,1
WY,2,FALSE,36,13,10,4
HS,5,FALSE,45,13,6,3
RX,4,FALSE,36,13,1,1
OL,4,TRUE,30,10,0,0
ZB,1,FALSE,28,13,3,2
LS,9,FALSE,31,13,52,4
KH,3,FALSE,26,13,120,6
YG,8,TRUE,25,12,0,0
VY,10,TRUE,23,8,0,0
CY,6,FALSE,29,13,88,6
NV,9,TRUE,22,5,0,0
PL,4,TRUE,29,8,0,0
FJ,6,TRUE,31,7,0,0
XX,4,FALSE,37,13,1,1
NF,7,FALSE,37,13,84,5
FA,2,FALSE,42,13,88,5
RX,1,FALSE,32,13,33,2
FS,2,TRUE,34,12,0,0
VJ,3,TRUE,29,11,0,0
SW,2,FALSE,39,13,14,3
MK,7,TRUE,16,7,0,0
GL,6,TRUE,36,12,0,0
TX,7,TRUE,32,11,0,0
WW,2,TRUE,43,12,0,0
GZ,9,FALSE,35,13,15,5
IS,9,FALSE,24,13,76,6
ZT,8,FALSE,31,13,33,6
PF,4,TRUE,35,9,0,0
WK,7,FALSE,32,13,11,2
YG,7,TRUE,22,8,0,0
KA,2,TRUE,37,10,0,0
ZD,7,TRUE,11,3,0,0
IC,10,TRUE,26,7,0,0
LF,3,TRUE,39,12,0,0
AM,1,TRUE,17,3,0,0
ZB,4,TRUE,27,11,0,0
DK,2,TRUE,23,10,0,0
HG,9,FALSE,39,13,1,1
NK,5,FALSE,37,13,14,1
YJ,2,FALSE,37,13,83,5
EO,6,TRUE,28,10,0,0
YW,1,FALSE,36,13,20,5
YW,3,FALSE,34,13,22,4
LQ,8,TRUE,29,10,0,0
DP,5,TRUE,24,11,0,0
SK,4,TRUE,23,5,0,0
SV,6,TRUE,15,6,0,0
FC,8,TRUE,28,10,0,0
TR,4,FALSE,38,13,30,3
FT,7,FALSE,28,13,51,2
KU,10,FALSE,33,13,41,4
QD,6,TRUE,11,3,0,0
SW,7,FALSE,28,13,79,5
TV,3,TRUE,35,12,0,0
BU,4,TRUE,21,10,0,0
NN,6,TRUE,29,9,0,0
SV,2,TRUE,15,4,0,0
FA,5,FALSE,45,13,67,5
KH,8,FALSE,35,13,60,6
RV,9,TRUE,35,10,0,0
ZL,7,TRUE,8,0,0,0
DC,2,TRUE,37,12,0,0
IZ,6,FALSE,40,13,2,1
ZY,9,TRUE,31,11,0,0
HG,3,FALSE,38,13,4,2
VK,9,TRUE,20,8,0,0
RL,6,TRUE,26,10,0,0
NK,6,TRUE,35,12,0,0
YC,3,FALSE,33,13,3,2
SV,3,TRUE,19,7,0,0
CY,5,FALSE,44,13,8,3
OV,10,FALSE,30,13,9,1
DH,1,FALSE,33,13,65,6
EQ,5,FALSE,38,13,63,4
FC,1,TRUE,29,10,0,0
TX,9,FALSE,28,13,26,4
DT,1,TRUE,34,11,0,0
WW,3,FALSE,40,13,6,1
VH,4,TRUE,24,6,0,0
NK,9,FALSE,37,13,29,2
WO,2,TRUE,21,7,0,0
YQ,5,TRUE,33,9,0,0
BM,7,FALSE,35,13,27,4
LT,4,TRUE,16,5,0,0
VY,1,TRUE,22,7,0,0
LW,10,FALSE,34,13,74,5
JX,7,TRUE,29,8,0,0
PS,1,TRUE,16,4,0,0
YJ,9,FALSE,41,13,51,3
GZ,7,TRUE,33,10,0,0
DU,5,TRUE,37,10,0,0
AM,6,TRUE,23,10,0,0
XD,2,TRUE,29,10,0,0
OE,10,TRUE,40,12,0,0
HK,6,FALSE,41,13,5,2
OL,7,TRUE,32,12,0,0
YQ,3,TRUE,32,10,0,0
ZN,10,TRUE,27,6,0,0
EO,7,TRUE,29,10,0,0
YJ,6,FALSE,41,13,53,5
WK,9,FALSE,34,13,5,2
BJ,10,TRUE,39,12,0,0
XN,10,TRUE,24,5,0,0
VF,8,TRUE,28,12,0,0
GL,2,FALSE,28,13,20,4
NY,7,FALSE,40,13,18,4
BJ,4,FALSE,41,13,1,1
NN,1,TRUE,34,12,0,0
YQ,9,TRUE,34,11,0,0
NY,8,FALSE,39,13,3,2
NK,8,FALSE,39,13,8,1
MZ,6,TRUE,17,6,0,0
ER,3,TRUE,23,7,0,0
ZB,2,TRUE,26,10,0,0
NV,1,FALSE,23,13,28,2
FO,7,FALSE,40,13,28,5
YX,9,FALSE,26,13,109,6
DC,7,TRUE,38,11,0,0
DH,6,FALSE,36,13,58,6
GZ,1,FALSE,38,13,6,3
VA,9,TRUE,18,7,0,0
JX,3,TRUE,25,7,0,0
LT,9,TRUE,15,5,0,0
ZY,4,TRUE,23,10,0,0
MK,9,TRUE,14,7,0,0
GZ,6,FALSE,32,13,24,5
ZT,5,FALSE,33,13,22,6
FG,3,FALSE,39,13,1,1
DS,3,TRUE,34,12,0,0
NB,8,FALSE,38,13,27,2
PZ,3,TRUE,21,12,0,0
KC,6,FALSE,40,13,86,6
GV,9,TRUE,17,9,0,0
FJ,4,FALSE,31,13,38,4
NN,8,TRUE,33,11,0,0
CA,9,FALSE,23,13,25,2
ZQ,1,TRUE,40,11,0,0
WW,8,TRUE,39,10,0,0
WW,7,FALSE,39,13,21,2
XD,9,TRUE,27,8,0,0
MB,10,TRUE,20,10,0,0
YW,7,FALSE,36,13,9,3
FT,1,FALSE,35,13,6,2
FC,9,TRUE,33,12,0,0
QG,9,TRUE,18,4,0,0
AH,2,TRUE,40,11,0,0
SK,1,TRUE,30,9,0,0
VR,2,FALSE,35,13,45,5
ER,5,TRUE,27,9,0,0
WM,9,FALSE,42,13,39,3
VK,10,TRUE,19,8,0,0
BM,8,FALSE,39,13,42,3
FA,3,FALSE,46,13,61,3
XD,10,TRUE,34,12,0,0
OL,10,TRUE,32,12,0,0
AH,9,TRUE,29,8,0,0
MB,6,TRUE,19,8,0,0
WC,9,TRUE,39,12,0,0
SW,5,FALSE,29,13,81,5
ZL,9,TRUE,14,5,0,0
SD,1,TRUE,13,4,0,0
SV,10,TRUE,14,3,0,0
WI,10,TRUE,40,12,0,0
SC,2,FALSE,45,13,87,5
TR,2,FALSE,37,13,4,1
PS,9,TRUE,10,2,0,0
GZ,4,TRUE,35,11,0,0
TR,7,FALSE,38,13,13,1
BF,2,FALSE,38,13,1,1
EK,7,TRUE,19,8,0,0
VF,6,TRUE,29,10,0,0
GH,7,TRUE,37,12,0,0
XX,8,FALSE,35,13,4,2
YG,4,TRUE,26,12,0,0
HF,10,FALSE,35,13,31,3
FB,10,TRUE,26,7,0,0
NZ,3,FALSE,44,13,94,6
WO,9,TRUE,23,8,0,0
QG,7,TRUE,16,4,0,0
ZY,7,TRUE,24,9,0,0
SW,4,FALSE,30,13,82,5
HH,10,TRUE,39,10,0,0
NN,10,TRUE,29,10,0,0
HH,2,FALSE,40,13,27,4
KG,7,TRUE,13,5,0,0
IE,3,FALSE,38,13,105,6
OZ,7,FALSE,33,13,54,5
PF,9,TRUE,43,12,0,0
JE,7,TRUE,18,6,0,0
XN,4,FALSE,35,13,1,1
BF,8,TRUE,28,9,0,0
NV,5,TRUE,34,12,0,0
MZ,2,TRUE,14,3,0,0
RV,6,FALSE,36,13,1,1
OE,2,TRUE,39,11,0,0
FJ,8,TRUE,32,11,0,0
WK,2,FALSE,29,13,10,2
PW,8,TRUE,18,5,0,0
ZT,3,TRUE,37,11,0,0
NY,4,FALSE,38,13,30,5
HS,10,TRUE,39,9,0,0
HI,6,FALSE,41,13,6,1
IE,4,FALSE,32,13,131,6
CK,2,FALSE,47,13,22,4
RB,5,FALSE,37,13,33,6
VR,5,FALSE,36,13,60,6
IS,1,FALSE,29,13,41,6
WB,3,TRUE,20,8,0,0
DC,8,FALSE,39,13,3,2
IE,6,FALSE,32,13,126,6
SO,7,TRUE,19,8,0,0
ZN,2,TRUE,33,8,0,0
BF,3,TRUE,28,11,0,0
BJ,6,TRUE,37,12,0,0
HK,7,FALSE,40,13,13,4
RB,9,FALSE,45,13,8,3
QG,1,TRUE,22,7,0,0
WH,4,FALSE,37,13,59,5
DH,10,FALSE,36,13,42,5
MZ,10,TRUE,16,6,0,0
WM,1,FALSE,37,13,50,4
FC,5,TRUE,31,10,0,0
EV,9,FALSE,30,13,15,5
FT,4,FALSE,36,13,13,2
KN,4,TRUE,25,7,0,0
DS,6,TRUE,35,12,0,0
IU,2,TRUE,36,12,0,0
"NA",9,FALSE,31,13,135,6
YC,5,TRUE,29,8,0,0
WB,5,TRUE,13,5,0,0
ZM,4,FALSE,38,13,7,2
IC,6,TRUE,26,8,0,0
PL,10,TRUE,33,9,0,0
RL,4,TRUE,30,11,0,0
IC,5,TRUE,28,7,0,0
KU,2,FALSE,34,13,29,4
KA,3,TRUE,39,12,0,0
PL,1,FALSE,36,13,3,2
QD,1,TRUE,12,3,0,0
HF,9,FALSE,36,13,26,4
VH,9,TRUE,29,11,0,0
HH,3,FALSE,34,13,55,4
HI,7,FALSE,43,13,1,1
BJ,7,TRUE,32,8,0,0
YQ,10,TRUE,25,7,0,0
CA,7,FALSE,26,13,8,2
AU,9,FALSE,37,13,2,1
UD,5,TRUE,37,12,0,0
WM,8,FALSE,37,13,46,4
HR,7,TRUE,37,10,0,0
ZL,2,TRUE,14,6,0,0
PT,10,FALSE,33,13,121,6
FT,10,FALSE,36,13,14,1
QD,7,TRUE,23,11,0,0
OE,5,TRUE,36,9,0,0
XN,3,FALSE,34,13,2,1
LS,2,FALSE,35,13,41,4
GV,1,TRUE,23,9,0,0
YJ,10,FALSE,45,13,72,5
WM,2,FALSE,38,13,43,4
IZ,3,TRUE,36,10,0,0
NK,7,TRUE,39,12,0,0
ZH,6,TRUE,26,7,0,0
QD,10,TRUE,18,8,0,0
EK,9,TRUE,19,7,0,0
TP,6,FALSE,41,13,31,3
HK,10,FALSE,40,13,6,3
VJ,7,TRUE,34,12,0,0
WI,3,FALSE,33,13,50,5
WI,7,TRUE,43,12,0,0
CY,1,FALSE,42,13,19,5
JX,4,TRUE,29,10,0,0
VJ,8,TRUE,32,12,0,0
YX,7,FALSE,33,13,72,6
GL,1,TRUE,33,11,0,0
FO,10,FALSE,39,13,41,6
HK,1,FALSE,37,13,30,5
EQ,6,TRUE,44,12,0,0
"NA",2,FALSE,29,13,140,6
NF,9,FALSE,38,13,82,5
ZT,2,FALSE,31,13,24,6
HH,4,FALSE,42,13,20,2
RB,8,TRUE,43,12,0,0
DS,8,TRUE,35,12,0,0
FS,5,TRUE,33,12,0,0
LQ,3,TRUE,27,9,0,0
PW,3,TRUE,13,5,0,0
OX,8,TRUE,27,10,0,0
AH,10,FALSE,37,13,3,2
VW,1,FALSE,38,13,42,4
IC,7,TRUE,33,11,0,0
CV,4,FALSE,39,13,23,5
JP,8,FALSE,44,13,57,5
PL,3,FALSE,32,13,3,2
RB,1,TRUE,40,11,0,0
WI,5,FALSE,42,13,8,3
ZM,6,TRUE,35,11,0,0
EQ,9,FALSE,39,13,38,3
NN,2,TRUE,33,12,0,0
DP,9,TRUE,23,8,0,0
TV,4,TRUE,34,10,0,0
UD,4,FALSE,35,13,26,6
HF,2,FALSE,37,13,41,4
ER,1,TRUE,24,8,0,0
MZ,7,TRUE,22,9,0,0
NN,4,FALSE,30,13,3,2
QG,3,TRUE,17,5,0,0
WC,8,FALSE,41,13,6,2
NW,10,TRUE,41,12,0,0
JP,2,FALSE,40,13,81,4
KG,3,TRUE,13,6,0,0
JC,10,FALSE,32,13,13,4
IR,1,TRUE,17,7,0,0
PF,5,FALSE,31,13,68,6
KN,7,TRUE,28,10,0,0
FJ,5,TRUE,38,12,0,0
CD,9,TRUE,22,2,0,0
EB,2,TRUE,38,10,0,0
FG,7,TRUE,37,12,0,0
CK,7,FALSE,42,13,70,4
GH,8,TRUE,30,7,0,0
ER,9,TRUE,28,10,0,0
QG,4,TRUE,22,5,0,0
AM,4,TRUE,23,10,0,0
DK,3,TRUE,16,6,0,0
NW,9,FALSE,35,13,10,4
EQ,1,FALSE,44,13,20,3
TR,9,TRUE,40,12,0,0
VR,8,TRUE,42,12,0,0
OV,3,TRUE,27,11,0,0
DC,10,TRUE,40,12,0,0
XD,6,TRUE,29,9,0,0
OE,9,FALSE,32,13,44,4
OE,3,TRUE,39,10,0,0
BM,9,TRUE,37,12,0,0
SO,2,TRUE,20,8,0,0
NV,6,TRUE,24,6,0,0
ZB,3,TRUE,26,9,0,0
PF,8,FALSE,40,13,16,5
OX,3,TRUE,24,8,0,0
PL,6,TRUE,36,12,0,0
EO,9,TRUE,21,5,0,0
BF,5,TRUE,30,9,0,0
CD,10,TRUE,26,8,0,0
QD,3,TRUE,10,2,0,0
FJ,1,FALSE,36,13,1,1
EO,1,TRUE,30,10,0,0
DK,5,TRUE,20,8,0,0
YR,1,FALSE,44,13,6,3
WO,4,TRUE,23,8,0,0
BU,3,TRUE,19,8,0,0
JC,3,TRUE,35,12,0,0
BU,9,TRUE,17,7,0,0
HS,2,TRUE,43,11,0,0
HK,8,FALSE,37,13,29,5
WH,5,FALSE,40,13,63,5
VH,1,TRUE,22,5,0,0
SC,10,FALSE,44,13,72,4
ZD,6,TRUE,12,4,0,0
PL,8,TRUE,32,10,0,0
LS,6,FALSE,37,13,40,2
JX,1,FALSE,27,13,12,3
NZ,8,FALSE,37,13,114,6
FB,7,TRUE,26,9,0,0
MB,7,TRUE,23,10,0,0
AM,9,TRUE,25,11,0,0
GL,8,TRUE,32,11,0,0
PT,2,FALSE,33,13,115,6
VY,7,TRUE,27,10,0,0
NW,1,TRUE,35,9,0,0
KH,10,FALSE,34,13,53,6
FT,3,FALSE,36,13,26,2
PL,5,TRUE,33,10,0,0
WM,4,FALSE,42,13,31,3
EB,7,TRUE,41,12,0,0
PT,4,FALSE,35,13,107,6
DU,6,TRUE,36,9,0,0
GV,3,TRUE,18,7,0,0
LF,4,FALSE,32,13,28,4
ZD,1,TRUE,13,4,0,0
YG,10,TRUE,20,8,0,0
DP,3,TRUE,19,6,0,0
FS,7,TRUE,25,6,0,0
XN,9,TRUE,31,11,0,0
TX,4,FALSE,24,13,33,4
TP,10,FALSE,36,13,54,2
RL,1,TRUE,29,12,0,0
VF,9,TRUE,26,11,0,0
FT,5,FALSE,35,13,24,2
NB,6,FALSE,35,13,42,3
TP,9,FALSE,28,13,85,4
GZ,3,FALSE,38,13,1,1
CV,9,FALSE,42,13,13,4
BX,10,TRUE,23,6,0,0
JE,8,TRUE,25,9,0,0
TS,1,FALSE,40,13,64,5
YR,3,FALSE,46,13,1,1
YJ,4,FALSE,42,13,52,3
KC,10,FALSE,43,13,77,5
TR,6,FALSE,37,13,9,2
BU,8,TRUE,18,7,0,0
UD,1,FALSE,36,13,25,6
WC,3,FALSE,38,13,16,1
IZ,8,FALSE,40,13,3,2
EK,6,TRUE,16,6,0,0
JC,4,FALSE,36,13,10,4
ZH,5,TRUE,26,10,0,0
AU,5,FALSE,31,13,10,3
GH,1,TRUE,33,10,0,0
FG,6,FALSE,36,13,1,1
WC,6,FALSE,38,13,14,2
HG,4,TRUE,36,10,0,0
OZ,9,FALSE,34,13,25,4
ZM,7,FALSE,41,13,1,1
VF,3,TRUE,28,10,0,0
KF,3,FALSE,37,13,72,5
PF,2,FALSE,25,13,105,6
RL,8,TRUE,21,7,0,0
TR,3,FALSE,42,13,3,1
KU,4,FALSE,34,13,31,4
LT,1,TRUE,16,6,0,0
ZH,1,TRUE,31,11,0,0
GH,2,TRUE,34,10,0,0
OZ,5,FALSE,35,13,35,5
IZ,1,FALSE,35,13,32,5
VT,6,TRUE,11,2,0,0
EO,5,TRUE,28,5,0,0
TG,9,TRUE,29,10,0,0
VT,1,TRUE,14,6,0,0
ZY,8,FALSE,31,13,17,2
OF,5,TRUE,26,10,0,0
RE,1,TRUE,12,3,0,0
FB,1,TRUE,27,8,0,0
ZA,2,TRUE,37,10,0,0
KF,7,FALSE,35,13,79,5
VJ,9,TRUE,23,6,0,0
KA,6,FALSE,41,13,1,1
IR,3,TRUE,17,9,0,0
PT,1,FALSE,32,13,115,5
RB,10,FALSE,38,13,46,6
NF,1,FALSE,41,13,53,4
OX,9,TRUE,21,7,0,0
IU,9,TRUE,32,11,0,0
PW,2,TRUE,16,4,0,0
YR,8,TRUE,42,11,0,0
IR,9,TRUE,19,8,0,0
NN,9,TRUE,33,11,0,0
LW,5,FALSE,32,13,88,5
NF,3,FALSE,39,13,94,6
GV,6,TRUE,15,7,0,0
SC,4,FALSE,44,13,64,5
IE,7,FALSE,33,13,134,6
AU,4,TRUE,35,12,0,0
LT,8,TRUE,12,1,0,0
VK,8,TRUE,12,3,0,0
OL,5,TRUE,30,10,0,0
CD,2,TRUE,24,8,0,0
DS,4,TRUE,32,11,0,0
FJ,3,TRUE,35,10,0,0
IR,8,TRUE,16,7,0,0
JP,10,FALSE,42,13,89,6
WW,6,TRUE,34,10,0,0
ER,4,TRUE,23,8,0,0
EQ,3,FALSE,41,13,30,3
RE,7,TRUE,17,10,0,0
SW,10,FALSE,36,13,37,5
WM,5,FALSE,42,13,14,2
HS,3,FALSE,41,13,8,3
XX,3,TRUE,35,12,0,0
YX,6,FALSE,43,13,1,1
ZQ,7,TRUE,42,12,0,0
RX,8,FALSE,33,13,18,2
PS,4,TRUE,15,4,0,0
BJ,3,FALSE,38,13,1,1
IR,10,TRUE,16,6,0,0
WC,5,FALSE,42,13,4,1
NZ,9,FALSE,44,13,73,4
EV,6,TRUE,36,12,0,0
FJ,9,TRUE,37,10,0,0
SD,5,TRUE,21,9,0,0
IZ,9,FALSE,32,13,46,5
IC,9,TRUE,27,8,0,0
HR,1,TRUE,33,9,0,0
"NA",6,FALSE,30,13,144,6
LQ,7,TRUE,27,8,0,0
LW,3,FALSE,40,13,57,5
GL,9,FALSE,30,13,23,4
RB,4,FALSE,45,13,10,3
AU,1,TRUE,37,12,0,0
WO,7,TRUE,22,10,0,0
WW,4,TRUE,35,8,0,0
WY,4,FALSE,40,13,6,3
FG,2,TRUE,38,12,0,0
IE,2,FALSE,34,13,114,6
LW,8,FALSE,38,13,59,5
HR,10,TRUE,38,12,0,0
WY,5,FALSE,43,13,1,1
JE,2,TRUE,24,8,0,0
NZ,10,FALSE,41,13,58,5
XW,8,TRUE,12,5,0,0
BM,5,FALSE,37,13,47,4
HG,2,FALSE,21,13,109,4
VO,6,TRUE,9,2,0,0
HS,7,TRUE,41,10,0,0
KF,9,FALSE,35,13,98,5
MB,8,TRUE,20,7,0,0
ZN,7,TRUE,35,10,0,0
OV,8,TRUE,30,12,0,0
YR,9,TRUE,40,12,0,0
QG,10,TRUE,19,3,0,0
SC,3,FALSE,40,13,105,5
VA,4,TRUE,13,3,0,0
BF,9,FALSE,34,13,7,1
FO,8,FALSE,37,13,41,6
GZ,5,TRUE,37,12,0,0
II,4,TRUE,16,9,0,0
IR,6,TRUE,17,5,0,0
PZ,6,TRUE,18,7,0,0
UD,9,FALSE,29,13,44,6
VJ,5,TRUE,29,10,0,0
NN,3,FALSE,27,13,19,4
BJ,2,FALSE,37,13,21,2
TX,10,FALSE,33,13,6,3
ZQ,8,FALSE,40,13,3,2
WH,1,FALSE,40,13,49,4
FA,8,FALSE,45,13,32,4
LW,2,FALSE,29,13,102,5
IR,4,TRUE,18,7,0,0
HH,9,FALSE,41,13,22,3
PL,7,TRUE,36,11,0,0
YF,8,TRUE,23,5,0,0
BU,6,TRUE,18,5,0,0
XN,7,TRUE,37,12,0,0
TP,4,FALSE,40,13,40,3
XW,9,TRUE,19,9,0,0
TX,3,TRUE,34,11,0,0
HR,8,TRUE,32,10,0,0
EK,4,TRUE,23,9,0,0
DL,6,FALSE,35,13,39,4
VH,7,TRUE,24,7,0,0
UR,3,TRUE,13,4,0,0
LS,8,FALSE,33,13,82,4
PW,9,TRUE,20,9,0,0
TR,10,FALSE,37,13,31,3
JP,5,FALSE,38,13,109,6
DT,2,TRUE,37,12,0,0
AM,5,TRUE,14,3,0,0
WY,8,FALSE,41,13,6,3
YG,2,TRUE,22,9,0,0
LQ,5,TRUE,29,10,0,0
DH,4,FALSE,39,13,25,5
WW,5,TRUE,43,11,0,0
HG,8,FALSE,37,13,20,3
BF,7,FALSE,34,13,6,1
II,2,TRUE,15,9,0,0
YF,5,TRUE,34,9,0,0
FB,3,TRUE,22,6,0,0
EK,3,TRUE,20,7,0,0
WI,8,FALSE,36,13,14,4
HS,4,FALSE,43,13,1,1
JP,7,FALSE,40,13,106,6
RG,1,TRUE,33,12,0,0
DK,4,TRUE,23,10,0,0
IU,3,TRUE,31,9,0,0
RV,7,TRUE,40,11,0,0
HH,6,FALSE,42,13,10,2
OV,7,FALSE,29,13,20,2
AU,6,TRUE,32,12,0,0
ZQ,10,FALSE,41,13,1,1
FG,1,TRUE,36,12,0,0
GZ,2,FALSE,38,13,1,1
TG,7,TRUE,25,8,0,0
PS,10,TRUE,10,3,0,0
HI,8,FALSE,37,13,11,2
VW,7,FALSE,38,13,47,2
RE,8,TRUE,14,6,0,0
KF,10,FALSE,34,13,100,4
VH,6,TRUE,31,11,0,0
TS,3,FALSE,42,13,48,5
JC,2,FALSE,32,13,6,3
PW,6,TRUE,11,1,0,0
RE,6,TRUE,14,6,0,0
ER,2,TRUE,26,10,0,0
KH,5,FALSE,36,13,42,5
QD,4,TRUE,17,3,0,0
JC,1,FALSE,35,13,10,4
CA,5,FALSE,26,13,16,2
HG,1,FALSE,21,13,100,4
ZH,3,TRUE,23,7,0,0
XW,7,TRUE,24,12,0,0
XW,10,TRUE,17,9,0,0
XN,2,TRUE,37,10,0,0
LT,6,TRUE,17,3,0,0
LQ,4,TRUE,30,8,0,0
SC,5,FALSE,39,13,103,6
IZ,4,TRUE,37,11,0,0
BU,7,TRUE,18,8,0,0
BU,5,TRUE,19,8,0,0
AU,10,TRUE,36,11,0,0
YJ,5,FALSE,43,13,48,3
TR,8,FALSE,42,13,3,1
TP,8,FALSE,42,13,9,2
LS,5,FALSE,29,13,41,4
MZ,3,TRUE,16,6,0,0
ZT,1,TRUE,42,12,0,0
WB,6,TRUE,18,9,0,0
EB,6,TRUE,34,10,0,0
JL,3,FALSE,35,13,74,5
ZT,4,FALSE,36,13,15,5
ZY,6,FALSE,24,13,24,2
YF,4,TRUE,25,5,0,0
JL,1,FALSE,35,13,97,5
PZ,9,TRUE,16,6,0,0
BX,8,TRUE,28,12,0,0
VA,7,TRUE,18,6,0,0
CK,9,FALSE,47,13,35,3
LQ,2,TRUE,27,7,0,0
JL,9,FALSE,43,13,39,4
ZN,9,TRUE,37,11,0,0
BM,10,FALSE,38,13,44,3
JX,2,TRUE,26,10,0,0
TR,5,FALSE,38,13,18,1
BX,9,TRUE,30,11,0,0
HF,4,FALSE,35,13,43,4
SW,3,FALSE,37,13,25,5
KN,10,TRUE,22,5,0,0
VR,4,FALSE,39,13,21,4
OF,10,TRUE,21,8,0,0
EV,2,FALSE,30,13,21,5
PF,6,TRUE,37,11,0,0
HI,5,FALSE,37,13,7,2
MZ,8,TRUE,12,2,0,0
VY,8,TRUE,29,12,0,0
VO,10,TRUE,15,7,0,0
YX,10,FALSE,39,13,19,5
SK,10,TRUE,25,8,0,0
SD,2,TRUE,19,9,0,0
PS,2,TRUE,13,4,0,0
ZL,3,TRUE,15,5,0,0
KN,3,TRUE,24,9,0,0
GL,10,TRUE,29,9,0,0
II,6,TRUE,15,7,0,0
DK,9,TRUE,23,11,0,0
IE,10,FALSE,30,13,141,6
RG,8,TRUE,31,10,0,0
NN,7,FALSE,32,13,3,2
BJ,8,FALSE,42,13,2,1
ZQ,9,FALSE,39,13,6,3
ZL,6,TRUE,11,2,0,0
ZH,2,TRUE,29,8,0,0
HF,7,FALSE,40,13,10,2
XD,4,TRUE,28,11,0,0
FO,4,FALSE,40,13,30,5
NN,5,TRUE,31,10,0,0
NB,9,FALSE,39,13,20,2
MB,2,TRUE,24,10,0,0
HS,6,TRUE,39,9,0,0
CY,9,FALSE,38,13,25,5
ZQ,5,FALSE,44,13,1,1
FB,4,TRUE,30,8,0,0
PZ,10,TRUE,17,7,0,0
DL,8,FALSE,40,13,1,1
PL,9,TRUE,28,7,0,0
JP,4,FALSE,38,13,127,5
BX,5,TRUE,28,10,0,0
MK,6,TRUE,15,7,0,0
ZA,1,FALSE,41,13,1,1
NV,3,FALSE,37,13,13,2
OF,3,TRUE,25,10,0,0
VK,5,TRUE,16,6,0,0
HH,7,FALSE,32,13,53,3
DL,3,FALSE,33,13,20,3
ZD,8,TRUE,11,2,0,0
JL,2,FALSE,38,13,69,4
YW,6,FALSE,39,13,19,3
GV,8,TRUE,25,10,0,0
WI,6,FALSE,32,13,53,5
WB,7,TRUE,16,2,0,0
TS,6,FALSE,38,13,59,4
UU,7,TRUE,38,11,0,0
WB,2,TRUE,18,7,0,0
DL,4,FALSE,35,13,4,2
DP,8,TRUE,20,6,0,0
WW,9,TRUE,42,11,0,0
OX,10,TRUE,19,6,0,0
NZ,4,FALSE,40,13,102,6
ZD,4,TRUE,13,3,0,0
WB,9,TRUE,18,5,0,0
PW,10,TRUE,14,4,0,0
VT,10,TRUE,11,3,0,0
PF,7,TRUE,40,11,0,0
RG,6,TRUE,25,8,0,0
XD,7,FALSE,36,13,5,1
EO,10,TRUE,32,11,0,0
AH,1,TRUE,37,11,0,0
SC,1,FALSE,42,13,109,6
ER,8,TRUE,21,5,0,0
WO,1,TRUE,25,9,0,0
YC,8,TRUE,34,12,0,0
ZL,10,TRUE,11,3,0,0
ZQ,3,FALSE,41,13,6,3
DH,9,FALSE,33,13,61,6
SO,9,TRUE,13,5,0,0
PT,9,FALSE,33,13,104,6
MZ,9,TRUE,14,4,0,0
LQ,1,TRUE,26,8,0,0
EQ,7,FALSE,42,13,38,4
CY,4,FALSE,45,13,6,3
DP,1,TRUE,19,7,0,0
DL,1,FALSE,40,13,4,2
PZ,4,TRUE,17,6,0,0
UU,4,TRUE,41,11,0,0
EV,4,FALSE,26,13,48,5
LQ,9,TRUE,29,8,0,0
FA,7,FALSE,40,13,83,5
XN,8,TRUE,28,8,0,0
EO,2,TRUE,25,9,0,0
JL,6,FALSE,37,13,71,4
EQ,8,FALSE,45,13,19,2
FO,1,FALSE,37,13,36,5
EB,5,TRUE,40,12,0,0
LQ,10,TRUE,28,11,0,0
EQ,10,FALSE,40,13,36,3
LF,6,TRUE,36,10,0,0
ZT,7,TRUE,38,11,0,0
VT,7,TRUE,15,6,0,0
SD,7,TRUE,17,8,0,0
WY,3,FALSE,37,13,5,2
SK,7,TRUE,29,11,0,0
SO,8,TRUE,21,9,0,0
PT,6,FALSE,30,13,139,6
NK,3,FALSE,41,13,2,1
NW,2,TRUE,37,12,0,0
XX,10,TRUE,35,12,0,0
FS,3,TRUE,22,4,0,0
JC,7,TRUE,33,12,0,0
ER,7,TRUE,25,8,0,0
VO,7,TRUE,14,7,0,0
EK,8,TRUE,15,5,0,0
ZA,9,FALSE,35,13,45,6
KG,4,TRUE,12,5,0,0
UU,2,TRUE,42,11,0,0
NB,2,FALSE,38,13,50,4
YG,3,TRUE,19,6,0,0
NV,10,TRUE,33,12,0,0
BF,6,TRUE,31,11,0,0
OV,9,TRUE,33,12,0,0
II,5,TRUE,13,6,0,0
ZQ,6,FALSE,34,13,47,6
DU,4,TRUE,39,12,0,0
KG,10,TRUE,9,2,0,0
FJ,10,TRUE,40,11,0,0
VA,5,TRUE,10,1,0,0
EV,5,FALSE,32,13,3,2
TS,9,FALSE,34,13,72,5
JE,4,TRUE,21,6,0,0
SD,4,TRUE,23,10,0,0
HI,3,FALSE,40,13,9,2
II,10,TRUE,16,8,0,0
JC,6,FALSE,36,13,1,1
ZH,4,TRUE,25,5,0,0
OF,2,TRUE,21,7,0,0
IS,4,FALSE,37,13,15,5
ZA,3,FALSE,32,13,23,5
DT,5,TRUE,28,9,0,0
BX,4,TRUE,28,9,0,0
DT,4,TRUE,30,10,0,0
GL,4,TRUE,33,11,0,0
DP,6,TRUE,26,10,0,0
NY,1,FALSE,39,13,33,5
OL,1,TRUE,32,9,0,0
MZ,5,TRUE,17,7,0,0
DP,10,TRUE,17,4,0,0
MB,9,TRUE,12,3,0,0
TG,10,TRUE,21,7,0,0
IS,8,FALSE,33,13,32,6
BM,6,FALSE,39,13,25,2
WB,8,TRUE,15,6,0,0
UU,9,FALSE,32,13,39,5
EB,10,FALSE,37,13,7,3
SO,3,TRUE,16,5,0,0
FG,8,FALSE,33,13,22,5
OZ,1,FALSE,35,13,43,5
WI,4,TRUE,37,9,0,0
RL,10,TRUE,24,8,0,0
IU,6,TRUE,26,9,0,0
MK,10,TRUE,13,6,0,0
UR,6,TRUE,13,2,0,0
ZA,8,FALSE,41,13,1,1
FT,9,FALSE,34,13,20,1
FT,2,FALSE,33,13,34,3
AU,2,TRUE,30,7,0,0
BU,2,TRUE,21,10,0,0
JC,5,FALSE,35,13,1,1
KU,6,FALSE,36,13,10,3
DK,6,TRUE,23,10,0,0
TV,9,TRUE,33,12,0,0
KC,9,FALSE,39,13,112,6
HS,9,FALSE,42,13,1,1
YC,1,FALSE,34,13,1,1
LS,10,FALSE,33,13,41,3
VR,6,FALSE,37,13,29,5
FO,5,FALSE,29,13,79,6
BF,10,TRUE,30,9,0,0
NK,10,TRUE,36,11,0,0
HI,10,TRUE,31,9,0,0
KC,5,FALSE,38,13,89,6
KA,4,FALSE,40,13,10,4
"NA",7,FALSE,37,13,111,6
OV,5,FALSE,32,13,11,1
AH,7,TRUE,37,11,0,0
XX,1,TRUE,31,7,0,0
CK,4,FALSE,43,13,33,4
LF,1,FALSE,38,13,3,2
RX,2,FALSE,33,13,26,3
NV,2,TRUE,27,8,0,0
ZN,1,TRUE,31,7,0,0
LF,5,TRUE,33,8,0,0
WK,1,FALSE,29,13,28,3
VK,6,TRUE,14,4,0,0
WK,5,TRUE,31,10,0,0
YC,9,TRUE,29,10,0,0
TR,1,FALSE,42,13,9,2
NY,10,FALSE,35,13,3,1
WC,2,TRUE,39,11,0,0
HK,5,TRUE,45,12,0,0
LT,5,TRUE,12,4,0,0
SC,6,FALSE,46,13,58,5
QG,5,TRUE,19,6,0,0
FC,3,TRUE,31,10,0,0
VW,4,FALSE,41,13,45,3
"NA",10,FALSE,34,13,126,6
BX,2,TRUE,25,9,0,0
TP,2,FALSE,43,13,7,2
JL,8,FALSE,42,13,35,4
VW,3,FALSE,40,13,42,2
SV,8,TRUE,18,7,0,0
TX,5,TRUE,32,11,0,0
ZD,10,TRUE,12,4,0,0
DL,5,FALSE,40,13,3,2
VF,7,TRUE,24,10,0,0
LF,9,TRUE,35,10,0,0
LS,3,FALSE,36,13,50,4
AH,6,TRUE,37,8,0,0
KC,3,FALSE,34,13,93,5
HH,1,FALSE,36,13,40,4
FB,2,TRUE,28,9,0,0
NW,7,TRUE,38,11,0,0
DH,8,FALSE,35,13,22,4
NY,6,FALSE,38,13,21,4
VR,1,FALSE,36,13,61,6
NY,5,FALSE,30,13,65,5
TS,10,FALSE,35,13,71,5
OL,8,TRUE,27,8,0,0
LF,2,TRUE,42,12,0,0
NB,10,FALSE,28,13,71,4
ZM,10,TRUE,36,12,0,0
IS,10,FALSE,36,13,10,4
TS,2,FALSE,28,13,106,5
NB,7,FALSE,37,13,52,4
DP,7,TRUE,20,6,0,0
WK,3,FALSE,25,13,43,3
BJ,9,FALSE,37,13,17,2
YJ,7,FALSE,38,13,80,5
EB,8,TRUE,36,11,0,0
NZ,6,FALSE,37,13,105,6
DT,9,TRUE,29,10,0,0
SV,1,TRUE,11,2,0,0
KU,5,FALSE,35,13,3,1
EV,10,FALSE,18,13,131,5
FS,4,TRUE,33,10,0,0
KF,1,FALSE,36,13,72,4
JE,3,TRUE,20,8,0,0
OZ,8,FALSE,23,13,117,5
VH,8,TRUE,28,10,0,0
DU,10,TRUE,40,12,0,0
ZT,9,TRUE,38,12,0,0
"NA",5,FALSE,34,13,116,6
YF,9,TRUE,32,10,0,0
NF,8,FALSE,35,13,123,6
SK,8,TRUE,32,10,0,0
WY,7,FALSE,37,13,15,5
HG,6,FALSE,33,13,8,3
WH,3,FALSE,38,13,69,5
LS,1,FALSE,37,13,24,3
CD,4,TRUE,23,6,0,0
TP,1,FALSE,40,13,38,3
RE,9,TRUE,15,6,0,0
RG,5,TRUE,27,7,0,0
VW,5,FALSE,41,13,30,3
KU,1,FALSE,31,13,22,4
CD,5,TRUE,32,11,0,0
WC,1,FALSE,41,13,18,2
XX,5,TRUE,34,12,0,0
WH,7,FALSE,45,13,40,3
KU,9,FALSE,30,13,42,4
HF,6,FALSE,38,13,29,2
YX,5,FALSE,41,13,26,6
CD,6,TRUE,25,8,0,0
ZM,5,FALSE,32,13,11,3
ZB,10,TRUE,26,10,0,0
MB,1,TRUE,16,5,0,0
QD,5,TRUE,14,4,0,0
DU,3,TRUE,36,11,0,0
JX,10,FALSE,30,13,5,2
RX,7,FALSE,35,13,8,2
IZ,2,FALSE,40,13,1,1
YR,5,TRUE,40,11,0,0
TG,8,TRUE,22,9,0,0
RG,2,TRUE,29,10,0,0
CV,8,FALSE,42,13,15,3
YG,6,TRUE,19,7,0,0
VW,6,FALSE,39,13,53,4
WM,7,FALSE,38,13,37,4
SV,5,TRUE,20,10,0,0
GH,5,TRUE,33,10,0,0
TS,8,FALSE,38,13,68,5
YW,5,FALSE,41,13,1,1
PZ,2,TRUE,15,6,0,0
WH,8,FALSE,45,13,45,2
NK,1,FALSE,28,13,56,3
LF,7,FALSE,39,13,5,2
VW,10,FALSE,38,13,43,3
AM,3,TRUE,25,11,0,0
KC,1,FALSE,39,13,105,6
KN,6,TRUE,26,8,0,0
GH,3,TRUE,30,8,0,0
IU,1,TRUE,33,12,0,0
XX,7,TRUE,25,7,0,0
VA,6,TRUE,15,7,0,0
QG,6,TRUE,25,9,0,0
OV,4,FALSE,24,13,39,2
YX,8,FALSE,42,13,13,3
IU,4,TRUE,35,12,0,0
SV,7,TRUE,12,4,0,0
SD,10,TRUE,21,11,0,0
YW,10,FALSE,34,13,48,5
WO,3,TRUE,26,12,0,0
ZT,10,FALSE,35,13,27,6
ZQ,4,FALSE,43,13,1,1
PW,5,TRUE,13,4,0,0
UD,3,FALSE,34,13,15,5
VO,8,TRUE,15,5,0,0
NF,5,FALSE,39,13,104,6
DS,5,TRUE,30,10,0,0
RV,3,TRUE,35,11,0,0
GL,7,TRUE,33,10,0,0
NK,2,FALSE,32,13,30,2
DH,5,FALSE,38,13,34,6
OF,8,TRUE,20,5,0,0
CV,7,FALSE,43,13,9,3
DH,2,FALSE,34,13,75,6
WH,2,FALSE,44,13,38,3
OF,1,TRUE,17,4,0,0
DP,4,TRUE,21,6,0,0
ZD,3,TRUE,12,5,0,0
NZ,2,FALSE,44,13,56,5
YC,4,TRUE,31,10,0,0
TV,5,TRUE,31,9,0,0
VT,4,TRUE,10,3,0,0
IE,5,FALSE,33,13,95,6
LT,3,TRUE,15,5,0,0
VJ,6,TRUE,30,12,0,0
DK,1,TRUE,20,7,0,0
YX,2,FALSE,36,13,50,6
HR,4,TRUE,38,11,0,0
VO,9,TRUE,15,7,0,0
RV,5,TRUE,36,12,0,0
HR,5,TRUE,33,9,0,0
FA,1,FALSE,43,13,61,4
VA,10,TRUE,13,4,0,0
LT,7,TRUE,17,6,0,0
YW,9,FALSE,38,13,22,5
XW,6,TRUE,20,11,0,0
GV,4,TRUE,22,9,0,0
ZN,6,TRUE,33,9,0,0
WM,3,FALSE,42,13,37,3
PF,3,FALSE,37,13,15,5
YQ,2,TRUE,32,8,0,0
VH,10,TRUE,29,11,0,0
ZY,5,TRUE,29,11,0,0
NF,6,FALSE,42,13,52,4
YQ,8,TRUE,30,10,0,0
YG,1,TRUE,20,9,0,0
IC,3,TRUE,33,10,0,0
PZ,7,TRUE,13,4,0,0
CV,10,FALSE,39,13,10,4
SK,9,TRUE,29,10,0,0
VJ,1,TRUE,28,7,0,0
ZN,8,TRUE,36,12,0,0
VF,2,TRUE,25,9,0,0
RG,4,TRUE,28,9,0,0
UD,7,FALSE,33,13,19,5
CV,3,FALSE,39,13,46,6
ZN,4,TRUE,27,6,0,0
LS,4,FALSE,32,13,63,4
MK,3,TRUE,11,4,0,0
HK,4,FALSE,42,13,1,1
FG,9,TRUE,38,12,0,0
HG,10,FALSE,40,13,1,1
LW,9,FALSE,33,13,73,4
OZ,4,FALSE,25,13,86,5
BX,1,TRUE,29,11,0,0
OV,6,TRUE,32,11,0,0
